Vector Index,Segment ID,Start Index,Length,Load Node,Store Node
0,0,0,256,1,15
0,1,256,256,3,17
1,0,0,256,18,32
1,1,256,256,20,34
2,0,0,256,35,49
2,1,256,256,37,51
3,0,0,256,52,66
3,1,256,256,54,68
4,0,0,256,69,83
4,1,256,256,71,85
5,0,0,256,86,100
5,1,256,256,88,102
6,0,0,256,103,117
6,1,256,256,105,119
7,0,0,256,120,134
7,1,256,256,122,136
8,0,0,256,137,151
8,1,256,256,139,153
9,0,0,256,154,168
9,1,256,256,156,170
10,0,0,256,171,185
10,1,256,256,173,187
11,0,0,256,188,202
11,1,256,256,190,204
12,0,0,256,205,219
12,1,256,256,207,221
13,0,0,256,222,236
13,1,256,256,224,238
14,0,0,256,239,253
14,1,256,256,241,255
15,0,0,256,256,270
15,1,256,256,258,272
16,0,0,256,273,287
16,1,256,256,275,289
17,0,0,256,290,304
17,1,256,256,292,306
18,0,0,256,307,321
18,1,256,256,309,323
19,0,0,256,324,338
19,1,256,256,326,340
20,0,0,256,341,355
20,1,256,256,343,357
21,0,0,256,358,372
21,1,256,256,360,374
22,0,0,256,375,389
22,1,256,256,377,391
23,0,0,256,392,406
23,1,256,256,394,408
24,0,0,256,409,423
24,1,256,256,411,425
25,0,0,256,426,440
25,1,256,256,428,442
26,0,0,256,443,457
26,1,256,256,445,459
27,0,0,256,460,474
27,1,256,256,462,476
28,0,0,256,477,491
28,1,256,256,479,493
29,0,0,256,494,508
29,1,256,256,496,510
30,0,0,256,511,525
30,1,256,256,513,527
31,0,0,256,528,542
31,1,256,256,530,544
32,0,0,256,545,559
32,1,256,256,547,561
33,0,0,256,562,576
33,1,256,256,564,578
34,0,0,256,579,593
34,1,256,256,581,595
35,0,0,256,596,610
35,1,256,256,598,612
36,0,0,256,613,627
36,1,256,256,615,629
37,0,0,256,630,644
37,1,256,256,632,646
38,0,0,256,647,661
38,1,256,256,649,663
39,0,0,256,664,678
39,1,256,256,666,680
40,0,0,256,681,695
40,1,256,256,683,697
41,0,0,256,698,712
41,1,256,256,700,714
42,0,0,256,715,729
42,1,256,256,717,731
43,0,0,256,732,746
43,1,256,256,734,748
44,0,0,256,749,763
44,1,256,256,751,765
45,0,0,256,766,780
45,1,256,256,768,782
46,0,0,256,783,797
46,1,256,256,785,799
47,0,0,256,800,814
47,1,256,256,802,816
48,0,0,256,817,831
48,1,256,256,819,833
49,0,0,256,834,848
49,1,256,256,836,850
50,0,0,256,851,865
50,1,256,256,853,867
51,0,0,256,868,882
51,1,256,256,870,884
52,0,0,256,885,899
52,1,256,256,887,901
53,0,0,256,902,916
53,1,256,256,904,918
54,0,0,256,919,933
54,1,256,256,921,935
55,0,0,256,936,950
55,1,256,256,938,952
56,0,0,256,953,967
56,1,256,256,955,969
57,0,0,256,970,984
57,1,256,256,972,986
58,0,0,256,987,1001
58,1,256,256,989,1003
59,0,0,256,1004,1018
59,1,256,256,1006,1020
60,0,0,256,1021,1035
60,1,256,256,1023,1037
61,0,0,256,1038,1052
61,1,256,256,1040,1054
62,0,0,256,1055,1069
62,1,256,256,1057,1071
63,0,0,256,1072,1086
63,1,256,256,1074,1088
