t,mem_fmt,mem_addr,gpr_fmt,gpr_addr,optype
0,00,00000000000000000000,00,00000000,00
1,00,00000000000000000000,00,00000000,00
2,00,00000000000000000000,00,00000000,00
3,00,00000000000000000000,00,00000000,00
4,00,00000000000000000000,00,00000000,00
5,00,00000000000000000000,00,00000000,00
6,00,00000000000000000000,00,00000000,00
7,00,00000000000000000000,00,00000000,00
8,00,00000000000000000000,00,00000000,00
9,00,00000000000000000000,00,00000000,00
10,00,00000000000000000000,00,00000000,00
11,00,00000000000000000000,00,00000000,00
12,00,00000000000000000000,00,00000000,00
13,00,00000000000000000000,00,00000000,00
14,00,00000000000000000000,00,00000000,00
15,00,00000000000000000000,00,00000000,00
16,00,00000000000000000000,00,00000000,00
17,00,00000000000000000000,00,00000000,00
18,00,00000000000000000000,00,00000000,00
19,00,00000000000000000000,00,00000000,00
20,00,00000000000000000000,00,00000000,00
21,00,00000000000000000000,00,00000000,00
22,00,00000000000000000000,00,00000000,00
23,00,00000000000000000000,00,00000000,00
24,00,00000000000000000000,00,00000000,00
25,00,00000000000000000000,00,00000000,00
26,00,00000000000000000000,00,00000000,00
27,00,00000000000000000000,00,00000000,00
28,00,00000000000000000000,00,00000000,00
29,00,00000000000000000000,00,00000000,00
30,00,00000000000000000000,00,00000000,00
31,00,00000000000000000000,00,00000000,00
32,00,00000000000000000000,00,00000000,00
33,00,00000000000000000000,00,00000000,00
34,00,00000000000000000000,00,00000000,00
35,00,00000000000000000000,00,00000000,00
36,00,00000000000000000000,00,00000000,00
37,00,00000000000000000000,00,00000000,00
38,00,00000000000000000000,00,00000000,00
39,00,00000000000000000000,00,00000000,00
40,00,00000000000000000000,00,00000000,00
41,00,00000000000000000000,00,00000000,00
42,00,00000000000000000000,00,00000000,00
43,00,00000000000000000000,00,00000000,00
44,00,00000000000000000000,00,00000000,00
45,00,00000000000000000000,00,00000000,00
46,00,00000000000000000000,00,00000000,00
47,00,00000000000000000000,00,00000000,00
48,00,00000000000000000000,00,00000000,00
49,00,00000000000000000000,00,00000000,00
50,00,00000000000000000000,00,00000000,00
51,00,00000000000000000000,00,00000000,00
52,00,00000000000000000000,00,00000000,00
53,00,00000000000000000000,00,00000000,00
54,00,00000000000000000000,00,00000000,00
55,00,00000000000000000000,00,00000000,00
56,00,00000000000000000000,00,00000000,00
57,00,00000000000000000000,00,00000000,00
58,00,00000000000000000000,00,00000000,00
59,00,00000000000000000000,00,00000000,00
60,00,00000000000000000000,00,00000000,00
61,00,00000000000000000000,00,00000000,00
62,00,00000000000000000000,00,00000000,00
63,00,00000000000000000000,00,00000000,00
64,00,00000000000000000000,00,00000000,00
65,00,00000000000000000000,00,00000000,00
66,00,00000000000000000000,00,00000000,00
67,00,00000000000000000000,00,00000000,00
68,00,00000000000000000000,00,00000000,00
69,00,00000000000000000000,00,00000000,00
70,00,00000000000000000000,00,00000000,00
71,00,00000000000000000000,00,00000000,00
72,00,00000000000000000000,00,00000000,00
73,00,00000000000000000000,00,00000000,00
74,00,00000000000000000000,00,00000000,00
75,00,00000000000000000000,00,00000000,00
76,00,00000000000000000000,00,00000000,00
77,00,00000000000000000000,00,00000000,00
78,00,00000000000000000000,00,00000000,00
79,00,00000000000000000000,00,00000000,00
80,00,00000000000000000000,00,00000000,00
81,00,00000000000000000000,00,00000000,00
82,00,00000000000000000000,00,00000000,00
83,00,00000000000000000000,00,00000000,00
84,00,00000000000000000000,00,00000000,00
85,00,00000000000000000000,00,00000000,00
86,00,00000000000000000000,00,00000000,00
87,00,00000000000000000000,00,00000000,00
88,00,00000000000000000000,00,00000000,00
89,00,00000000000000000000,00,00000000,00
90,00,00000000000000000000,00,00000000,00
91,00,00000000000000000000,00,00000000,00
92,00,00000000000000000000,00,00000000,00
93,00,00000000000000000000,00,00000000,00
94,00,00000000000000000000,00,00000000,00
95,00,00000000000000000000,00,00000000,00
96,00,00000000000000000000,00,00000000,00
97,00,00000000000000000000,00,00000000,00
98,00,00000000000000000000,00,00000000,00
99,00,00000000000000000000,00,00000000,00
100,00,00000000000000000000,00,00000000,00
101,00,00000000000000000000,00,00000000,00
102,00,00000000000000000000,00,00000000,00
103,00,00000000000000000000,00,00000000,00
104,00,00000000000000000000,00,00000000,00
105,00,00000000000000000000,00,00000000,00
106,00,00000000000000000000,00,00000000,00
107,00,00000000000000000000,00,00000000,00
108,00,00000000000000000000,00,00000000,00
109,00,00000000000000000000,00,00000000,00
110,00,00000000000000000000,00,00000000,00
111,00,00000000000000000000,00,00000000,00
112,00,00000000000000000000,00,00000000,00
113,00,00000000000000000000,00,00000000,00
114,00,00000000000000000000,00,00000000,00
115,00,00000000000000000000,00,00000000,00
116,00,00000000000000000000,00,00000000,00
117,00,00000000000000000000,00,00000000,00
118,00,00000000000000000000,00,00000000,00
119,00,00000000000000000000,00,00000000,00
120,00,00000000000000000000,00,00000000,00
121,00,00000000000000000000,00,00000000,00
122,00,00000000000000000000,00,00000000,00
123,00,00000000000000000000,00,00000000,00
124,00,00000000000000000000,00,00000000,00
125,00,00000000000000000000,00,00000000,00
126,00,00000000000000000000,00,00000000,00
127,00,00000000000000000000,00,00000000,00
128,00,00000000000000000000,00,00000000,00
129,00,00000000000000000000,00,00000000,00
130,00,00000000000000000000,00,00000000,00
131,00,00000000000000000000,00,00000000,00
132,00,00000000000000000000,00,00000000,00
133,00,00000000000000000000,00,00000000,00
134,00,00000000000000000000,00,00000000,00
135,00,00000000000000000000,00,00000000,00
136,00,00000000000000000000,00,00000000,00
137,00,00000000000000000000,00,00000000,00
138,00,00000000000000000000,00,00000000,00
139,00,00000000000000000000,00,00000000,00
140,00,00000000000000000000,00,00000000,00
141,00,00000000000000000000,00,00000000,00
142,00,00000000000000000000,00,00000000,00
143,00,00000000000000000000,00,00000000,00
144,00,00000000000000000000,00,00000000,00
145,00,00000000000000000000,00,00000000,00
146,00,00000000000000000000,00,00000000,00
147,00,00000000000000000000,00,00000000,00
148,00,00000000000000000000,00,00000000,00
149,00,00000000000000000000,00,00000000,00
150,00,00000000000000000000,00,00000000,00
151,00,00000000000000000000,00,00000000,00
152,00,00000000000000000000,00,00000000,00
153,00,00000000000000000000,00,00000000,00
154,00,00000000000000000000,00,00000000,00
155,00,00000000000000000000,00,00000000,00
156,00,00000000000000000000,00,00000000,00
157,00,00000000000000000000,00,00000000,00
158,00,00000000000000000000,00,00000000,00
159,00,00000000000000000000,00,00000000,00
160,00,00000000000000000000,00,00000000,00
161,00,00000000000000000000,00,00000000,00
162,00,00000000000000000000,00,00000000,00
163,00,00000000000000000000,00,00000000,00
164,00,00000000000000000000,00,00000000,00
165,00,00000000000000000000,00,00000000,00
166,00,00000000000000000000,00,00000000,00
167,00,00000000000000000000,00,00000000,00
168,00,00000000000000000000,00,00000000,00
169,00,00000000000000000000,00,00000000,00
170,00,00000000000000000000,00,00000000,00
171,00,00000000000000000000,00,00000000,00
172,00,00000000000000000000,00,00000000,00
173,00,00000000000000000000,00,00000000,00
174,00,00000000000000000000,00,00000000,00
175,00,00000000000000000000,00,00000000,00
176,00,00000000000000000000,00,00000000,00
177,00,00000000000000000000,00,00000000,00
178,00,00000000000000000000,00,00000000,00
179,00,00000000000000000000,00,00000000,00
180,00,00000000000000000000,00,00000000,00
181,00,00000000000000000000,00,00000000,00
182,00,00000000000000000000,00,00000000,00
183,00,00000000000000000000,00,00000000,00
184,00,00000000000000000000,00,00000000,00
185,00,00000000000000000000,00,00000000,00
186,00,00000000000000000000,00,00000000,00
187,00,00000000000000000000,00,00000000,00
188,00,00000000000000000000,00,00000000,00
189,00,00000000000000000000,00,00000000,00
190,00,00000000000000000000,00,00000000,00
191,00,00000000000000000000,00,00000000,00
192,00,00000000000000000000,00,00000000,00
193,00,00000000000000000000,00,00000000,00
194,00,00000000000000000000,00,00000000,00
195,00,00000000000000000000,00,00000000,00
196,00,00000000000000000000,00,00000000,00
197,00,00000000000000000000,00,00000000,00
198,00,00000000000000000000,00,00000000,00
199,00,00000000000000000000,00,00000000,00
200,00,00000000000000000000,00,00000000,00
201,00,00000000000000000000,00,00000000,00
202,00,00000000000000000000,00,00000000,00
203,00,00000000000000000000,00,00000000,00
204,00,00000000000000000000,00,00000000,00
205,00,00000000000000000000,00,00000000,00
206,00,00000000000000000000,00,00000000,00
207,00,00000000000000000000,00,00000000,00
208,00,00000000000000000000,00,00000000,00
209,00,00000000000000000000,00,00000000,00
210,00,00000000000000000000,00,00000000,00
211,00,00000000000000000000,00,00000000,00
212,00,00000000000000000000,00,00000000,00
213,00,00000000000000000000,00,00000000,00
214,00,00000000000000000000,00,00000000,00
215,00,00000000000000000000,00,00000000,00
216,00,00000000000000000000,00,00000000,00
217,00,00000000000000000000,00,00000000,00
218,00,00000000000000000000,00,00000000,00
219,00,00000000000000000000,00,00000000,00
220,00,00000000000000000000,00,00000000,00
221,00,00000000000000000000,00,00000000,00
222,00,00000000000000000000,00,00000000,00
223,00,00000000000000000000,00,00000000,00
224,00,00000000000000000000,00,00000000,00
225,00,00000000000000000000,00,00000000,00
226,00,00000000000000000000,00,00000000,00
227,00,00000000000000000000,00,00000000,00
228,00,00000000000000000000,00,00000000,00
229,00,00000000000000000000,00,00000000,00
230,00,00000000000000000000,00,00000000,00
231,00,00000000000000000000,00,00000000,00
232,00,00000000000000000000,00,00000000,00
233,00,00000000000000000000,00,00000000,00
234,00,00000000000000000000,00,00000000,00
235,00,00000000000000000000,00,00000000,00
236,00,00000000000000000000,00,00000000,00
237,00,00000000000000000000,00,00000000,00
238,00,00000000000000000000,00,00000000,00
239,00,00000000000000000000,00,00000000,00
240,00,00000000000000000000,00,00000000,00
241,00,00000000000000000000,00,00000000,00
242,00,00000000000000000000,00,00000110,11
243,00,00000000000000000000,00,00000000,00
244,00,00000000000000000000,00,00000000,00
245,00,00000000000000000000,00,00000000,00
246,00,00000000000000000000,00,00000000,00
247,00,00000000000000000100,00,00010110,11
248,00,00000000000000000000,00,00000000,00
249,00,00000000000000000000,00,00000000,00
250,00,00000000000000000000,00,00000000,00
251,00,00000000000000000001,00,00000111,11
252,00,00000000000000000000,00,00000000,00
253,00,00000000000000000000,00,00000000,00
254,00,00000000000000000000,00,00000000,00
255,00,00000000000000000101,00,00010111,11
256,00,00000000000000000000,00,00000000,00
257,00,00000000000000000000,00,00000000,00
258,00,00000000000000000000,00,00000000,00
259,00,00000000000000000010,00,00001110,11
260,00,00000000000000000000,00,00000000,00
261,00,00000000000000000000,00,00000000,00
262,00,00000000000000000000,00,00000000,00
263,00,00000000000000000000,00,00000000,00
264,00,00000000000000000000,00,00000000,00
265,00,00000000000000000000,00,00000000,00
266,00,00000000000000000011,00,00001111,11
267,00,00000000000000000000,00,00000000,00
268,00,00000000000000000000,00,00000000,00
269,00,00000000000000000000,00,00000000,00
270,00,00000000000000000000,00,00000000,00
271,00,00000000000000000110,00,00011110,11
272,00,00000000000000000000,00,00000000,00
273,00,00000000000000000000,00,00000000,00
274,00,00000000000000000000,00,00000000,00
275,00,00000000000000000000,00,00000000,00
276,00,00000000000000000000,00,00000000,00
277,00,00000000000000000000,00,00000000,00
278,00,00000000000000000111,00,00011111,11
279,00,00000000000000000000,00,00000000,00
280,00,00000000000000000000,00,00000000,00
281,00,00000000000000000000,00,00000000,00
282,00,00000000000000000000,00,00000000,00
283,00,00000000000000000000,00,00000000,00
284,00,00000000000000000000,00,00000000,00
285,00,00000000000000000000,00,00000000,00
286,00,00000000000000000000,00,00000000,00
287,00,00000000000000000000,00,00000000,00
288,00,00000000000000000000,00,00000000,00
289,00,00000000000000000000,00,00000000,00
290,00,00000000000000000000,00,00000000,00
291,00,00000000000000000000,00,00000000,00
292,00,00000000000000000000,00,00000000,00
293,00,00000000000000000000,00,00000000,00
294,00,00000000000000000000,00,00000000,00
295,00,00000000000000000000,00,00000000,00
296,00,00000000000000000000,00,00000000,00
297,00,00000000000000000000,00,00000000,00
298,00,00000000000000000000,00,00000000,00
299,00,00000000000000000000,00,00000000,00
300,00,00000000000000000000,00,00000000,00
301,00,00000000000000000000,00,00000000,00
302,00,00000000000000000000,00,00000000,00
303,00,00000000000000000000,00,00000000,00
304,00,00000000000000000000,00,00000000,00
305,00,00000000000000000000,00,00000000,00
306,00,00000000000000000000,00,00000000,00
307,00,00000000000000001000,00,00100110,11
308,00,00000000000000000000,00,00000000,00
309,00,00000000000000000000,00,00000000,00
310,00,00000000000000000000,00,00000000,00
311,00,00000000000000000000,00,00000000,00
312,00,00000000000000000000,00,00000000,00
313,00,00000000000000000000,00,00000000,00
314,00,00000000000000000000,00,00000000,00
315,00,00000000000000000000,00,00000000,00
316,00,00000000000000000000,00,00000000,00
317,00,00000000000000000000,00,00000000,00
318,00,00000000000000000000,00,00000000,00
319,00,00000000000000001010,00,00101110,11
320,00,00000000000000000000,00,00000000,00
321,00,00000000000000000000,00,00000000,00
322,00,00000000000000000000,00,00000000,00
323,00,00000000000000001001,00,00100111,11
324,00,00000000000000000000,00,00000000,00
325,00,00000000000000000000,00,00000000,00
326,00,00000000000000000000,00,00000000,00
327,00,00000000000000001011,00,00101111,11
328,00,00000000000000000000,00,00000000,00
329,00,00000000000000000000,00,00000000,00
330,00,00000000000000000000,00,00000000,00
331,00,00000000000000001100,00,00110110,11
332,00,00000000000000000000,00,00000000,00
333,00,00000000000000000000,00,00000000,00
334,00,00000000000000000000,00,00000000,00
335,00,00000000000000000000,00,00000000,00
336,00,00000000000000000000,00,00000000,00
337,00,00000000000000000000,00,00000000,00
338,00,00000000000000001101,00,00110111,11
339,00,00000000000000000000,00,00000000,00
340,00,00000000000000000000,00,00000000,00
341,00,00000000000000000000,00,00000000,00
342,00,00000000000000000000,00,00000000,00
343,00,00000000000000001110,00,00111110,11
344,00,00000000000000000000,00,00000000,00
345,00,00000000000000000000,00,00000000,00
346,00,00000000000000000000,00,00000000,00
347,00,00000000000000001111,00,00111111,11
348,00,00000000000000000000,00,00000000,00
349,00,00000000000000000000,00,00000000,00
350,00,00000000000000000000,00,00000000,00
351,00,00000000000000010000,00,01000110,11
352,00,00000000000000000000,00,00000000,00
353,00,00000000000000000000,00,00000000,00
354,00,00000000000000000000,00,00000000,00
355,00,00000000000000000000,00,00000000,00
356,00,00000000000000000000,00,00000000,00
357,00,00000000000000000000,00,00000000,00
358,00,00000000000000000000,00,00000000,00
359,00,00000000000000000000,00,00000000,00
360,00,00000000000000000000,00,00000000,00
361,00,00000000000000000000,00,00000000,00
362,00,00000000000000000000,00,00000000,00
363,00,00000000000000000000,00,00000000,00
364,00,00000000000000000000,00,00000000,00
365,00,00000000000000000000,00,00000000,00
366,00,00000000000000000000,00,00000000,00
367,00,00000000000000000000,00,00000000,00
368,00,00000000000000000000,00,00000000,00
369,00,00000000000000000000,00,00000000,00
370,00,00000000000000000000,00,00000000,00
371,00,00000000000000000000,00,00000000,00
372,00,00000000000000000000,00,00000000,00
373,00,00000000000000000000,00,00000000,00
374,00,00000000000000000000,00,00000000,00
375,00,00000000000000000000,00,00000000,00
376,00,00000000000000000000,00,00000000,00
377,00,00000000000000000000,00,00000000,00
378,00,00000000000000000000,00,00000000,00
379,00,00000000000000000000,00,00000000,00
380,00,00000000000000000000,00,00000000,00
381,00,00000000000000000000,00,00000000,00
382,00,00000000000000000000,00,00000000,00
383,00,00000000000000000000,00,00000000,00
384,00,00000000000000000000,00,00000000,00
385,00,00000000000000000000,00,00000000,00
386,00,00000000000000000000,00,00000000,00
387,00,00000000000000010001,00,01000111,11
388,00,00000000000000000000,00,00000000,00
389,00,00000000000000000000,00,00000000,00
390,00,00000000000000000000,00,00000000,00
391,00,00000000000000000000,00,00000000,00
392,00,00000000000000010010,00,01001110,11
393,00,00000000000000000000,00,00000000,00
394,00,00000000000000000000,00,00000000,00
395,00,00000000000000010011,00,01001111,11
396,00,00000000000000000000,00,00000000,00
397,00,00000000000000000000,00,00000000,00
398,00,00000000000000000000,00,00000000,00
399,00,00000000000000000000,00,00000000,00
400,00,00000000000000010100,00,01010110,11
401,00,00000000000000000000,00,00000000,00
402,00,00000000000000000000,00,00000000,00
403,00,00000000000000010101,00,01010111,11
404,00,00000000000000000000,00,00000000,00
405,00,00000000000000000000,00,00000000,00
406,00,00000000000000000000,00,00000000,00
407,00,00000000000000000000,00,00000000,00
408,00,00000000000000000000,00,00000000,00
409,00,00000000000000000000,00,00000000,00
410,00,00000000000000000000,00,00000000,00
411,00,00000000000000010110,00,01011110,11
412,00,00000000000000000000,00,00000000,00
413,00,00000000000000000000,00,00000000,00
414,00,00000000000000000000,00,00000000,00
415,00,00000000000000000000,00,00000000,00
416,00,00000000000000010111,00,01011111,11
417,00,00000000000000000000,00,00000000,00
418,00,00000000000000000000,00,00000000,00
419,00,00000000000000000000,00,00000000,00
420,00,00000000000000000000,00,00000000,00
421,00,00000000000000000000,00,00000000,00
422,00,00000000000000000000,00,00000000,00
423,00,00000000000000000000,00,00000000,00
424,00,00000000000000000000,00,00000000,00
425,00,00000000000000000000,00,00000000,00
426,00,00000000000000000000,00,00000000,00
427,00,00000000000000000000,00,00000000,00
428,00,00000000000000000000,00,00000000,00
429,00,00000000000000000000,00,00000000,00
430,00,00000000000000000000,00,00000000,00
431,00,00000000000000000000,00,00000000,00
432,00,00000000000000000000,00,00000000,00
433,00,00000000000000000000,00,00000000,00
434,00,00000000000000000000,00,00000000,00
435,00,00000000000000000000,00,00000000,00
436,00,00000000000000000000,00,00000000,00
437,00,00000000000000000000,00,00000000,00
438,00,00000000000000000000,00,00000000,00
439,00,00000000000000000000,00,00000000,00
440,00,00000000000000000000,00,00000000,00
441,00,00000000000000000000,00,00000000,00
442,00,00000000000000000000,00,00000000,00
443,00,00000000000000000000,00,00000000,00
444,00,00000000000000000000,00,00000000,00
445,00,00000000000000011000,00,01100110,11
446,00,00000000000000000000,00,00000000,00
447,00,00000000000000000000,00,00000000,00
448,00,00000000000000000000,00,00000000,00
449,00,00000000000000000000,00,00000000,00
450,00,00000000000000000000,00,00000000,00
451,00,00000000000000000000,00,00000000,00
452,00,00000000000000000000,00,00000000,00
453,00,00000000000000000000,00,00000000,00
454,00,00000000000000000000,00,00000000,00
455,00,00000000000000000000,00,00000000,00
456,00,00000000000000000000,00,00000000,00
457,00,00000000000000011010,00,01101110,11
458,00,00000000000000000000,00,00000000,00
459,00,00000000000000000000,00,00000000,00
460,00,00000000000000000000,00,00000000,00
461,00,00000000000000011001,00,01100111,11
462,00,00000000000000000000,00,00000000,00
463,00,00000000000000000000,00,00000000,00
464,00,00000000000000000000,00,00000000,00
465,00,00000000000000011011,00,01101111,11
466,00,00000000000000000000,00,00000000,00
467,00,00000000000000000000,00,00000000,00
468,00,00000000000000000000,00,00000000,00
469,00,00000000000000011100,00,01110110,11
470,00,00000000000000000000,00,00000000,00
471,00,00000000000000000000,00,00000000,00
472,00,00000000000000000000,00,00000000,00
473,00,00000000000000000000,00,00000000,00
474,00,00000000000000000000,00,00000000,00
475,00,00000000000000000000,00,00000000,00
476,00,00000000000000000000,00,00000000,00
477,00,00000000000000011101,00,01110111,11
478,00,00000000000000000000,00,00000000,00
479,00,00000000000000000000,00,00000000,00
480,00,00000000000000000000,00,00000000,00
481,00,00000000000000011110,00,01111110,11
482,00,00000000000000000000,00,00000000,00
483,00,00000000000000000000,00,00000000,00
484,00,00000000000000000000,00,00000000,00
485,00,00000000000000000000,00,00000000,00
486,00,00000000000000000000,00,00000000,00
487,00,00000000000000000000,00,00000000,00
488,00,00000000000000100000,00,10000110,11
489,00,00000000000000000000,00,00000000,00
490,00,00000000000000000000,00,00000000,00
491,00,00000000000000000000,00,00000000,00
492,00,00000000000000000000,00,00000000,00
493,00,00000000000000000000,00,00000000,00
494,00,00000000000000000000,00,00000000,00
495,00,00000000000000000000,00,00000000,00
496,00,00000000000000000000,00,00000000,00
497,00,00000000000000000000,00,00000000,00
498,00,00000000000000000000,00,00000000,00
499,00,00000000000000000000,00,00000000,00
500,00,00000000000000000000,00,00000000,00
501,00,00000000000000000000,00,00000000,00
502,00,00000000000000000000,00,00000000,00
503,00,00000000000000000000,00,00000000,00
504,00,00000000000000000000,00,00000000,00
505,00,00000000000000000000,00,00000000,00
506,00,00000000000000000000,00,00000000,00
507,00,00000000000000000000,00,00000000,00
508,00,00000000000000000000,00,00000000,00
509,00,00000000000000000000,00,00000000,00
510,00,00000000000000000000,00,00000000,00
511,00,00000000000000000000,00,00000000,00
512,00,00000000000000000000,00,00000000,00
513,00,00000000000000000000,00,00000000,00
514,00,00000000000000000000,00,00000000,00
515,00,00000000000000000000,00,00000000,00
516,00,00000000000000000000,00,00000000,00
517,00,00000000000000011111,00,01111111,11
518,00,00000000000000000000,00,00000000,00
519,00,00000000000000000000,00,00000000,00
520,00,00000000000000000000,00,00000000,00
521,00,00000000000000100001,00,10000111,11
522,00,00000000000000000000,00,00000000,00
523,00,00000000000000000000,00,00000000,00
524,00,00000000000000000000,00,00000000,00
525,00,00000000000000100010,00,10001110,11
526,00,00000000000000000000,00,00000000,00
527,00,00000000000000000000,00,00000000,00
528,00,00000000000000000000,00,00000000,00
529,00,00000000000000000000,00,00000000,00
530,00,00000000000000100011,00,10001111,11
531,00,00000000000000000000,00,00000000,00
532,00,00000000000000000000,00,00000000,00
533,00,00000000000000000000,00,00000000,00
534,00,00000000000000000000,00,00000000,00
535,00,00000000000000000000,00,00000000,00
536,00,00000000000000000000,00,00000000,00
537,00,00000000000000100100,00,10010110,11
538,00,00000000000000000000,00,00000000,00
539,00,00000000000000000000,00,00000000,00
540,00,00000000000000000000,00,00000000,00
541,00,00000000000000000000,00,00000000,00
542,00,00000000000000100101,00,10010111,11
543,00,00000000000000000000,00,00000000,00
544,00,00000000000000000000,00,00000000,00
545,00,00000000000000000000,00,00000000,00
546,00,00000000000000000000,00,00000000,00
547,00,00000000000000000000,00,00000000,00
548,00,00000000000000000000,00,00000000,00
549,00,00000000000000000000,00,00000000,00
550,00,00000000000000000000,00,00000000,00
551,00,00000000000000000000,00,00000000,00
552,00,00000000000000000000,00,00000000,00
553,00,00000000000000000000,00,00000000,00
554,00,00000000000000000000,00,00000000,00
555,00,00000000000000000000,00,00000000,00
556,00,00000000000000000000,00,00000000,00
557,00,00000000000000000000,00,00000000,00
558,00,00000000000000000000,00,00000000,00
559,00,00000000000000000000,00,00000000,00
560,00,00000000000000000000,00,00000000,00
561,00,00000000000000000000,00,00000000,00
562,00,00000000000000000000,00,00000000,00
563,00,00000000000000000000,00,00000000,00
564,00,00000000000000000000,00,00000000,00
565,00,00000000000000000000,00,00000000,00
566,00,00000000000000000000,00,00000000,00
567,00,00000000000000000000,00,00000000,00
568,00,00000000000000000000,00,00000000,00
569,00,00000000000000000000,00,00000000,00
570,00,00000000000000000000,00,00000000,00
571,00,00000000000000000000,00,00000000,00
572,00,00000000000000101000,00,10100110,11
573,00,00000000000000000000,00,00000000,00
574,00,00000000000000000000,00,00000000,00
575,00,00000000000000000000,00,00000000,00
576,00,00000000000000000000,00,00000000,00
577,00,00000000000000000000,00,00000000,00
578,00,00000000000000000000,00,00000000,00
579,00,00000000000000000000,00,00000000,00
580,00,00000000000000000000,00,00000000,00
581,00,00000000000000000000,00,00000000,00
582,00,00000000000000000000,00,00000000,00
583,00,00000000000000000000,00,00000000,00
584,00,00000000000000100110,00,10011110,11
585,00,00000000000000000000,00,00000000,00
586,00,00000000000000000000,00,00000000,00
587,00,00000000000000000000,00,00000000,00
588,00,00000000000000101001,00,10100111,11
589,00,00000000000000000000,00,00000000,00
590,00,00000000000000000000,00,00000000,00
591,00,00000000000000000000,00,00000000,00
592,00,00000000000000100111,00,10011111,11
593,00,00000000000000000000,00,00000000,00
594,00,00000000000000000000,00,00000000,00
595,00,00000000000000000000,00,00000000,00
596,00,00000000000000101010,00,10101110,11
597,00,00000000000000000000,00,00000000,00
598,00,00000000000000000000,00,00000000,00
599,00,00000000000000000000,00,00000000,00
600,00,00000000000000000000,00,00000000,00
601,00,00000000000000000000,00,00000000,00
602,00,00000000000000000000,00,00000000,00
603,00,00000000000000101011,00,10101111,11
604,00,00000000000000000000,00,00000000,00
605,00,00000000000000000000,00,00000000,00
606,00,00000000000000000000,00,00000000,00
607,00,00000000000000000000,00,00000000,00
608,00,00000000000000101100,00,10110110,11
609,00,00000000000000000000,00,00000000,00
610,00,00000000000000000000,00,00000000,00
611,00,00000000000000000000,00,00000000,00
612,00,00000000000000000000,00,00000000,00
613,00,00000000000000000000,00,00000000,00
614,00,00000000000000000000,00,00000000,00
615,00,00000000000000101101,00,10110111,11
616,00,00000000000000000000,00,00000000,00
617,00,00000000000000000000,00,00000000,00
618,00,00000000000000000000,00,00000000,00
619,00,00000000000000000000,00,00000000,00
620,00,00000000000000000000,00,00000000,00
621,00,00000000000000000000,00,00000000,00
622,00,00000000000000000000,00,00000000,00
623,00,00000000000000000000,00,00000000,00
624,00,00000000000000000000,00,00000000,00
625,00,00000000000000000000,00,00000000,00
626,00,00000000000000000000,00,00000000,00
627,00,00000000000000000000,00,00000000,00
628,00,00000000000000000000,00,00000000,00
629,00,00000000000000000000,00,00000000,00
630,00,00000000000000000000,00,00000000,00
631,00,00000000000000000000,00,00000000,00
632,00,00000000000000000000,00,00000000,00
633,00,00000000000000000000,00,00000000,00
634,00,00000000000000000000,00,00000000,00
635,00,00000000000000000000,00,00000000,00
636,00,00000000000000000000,00,00000000,00
637,00,00000000000000000000,00,00000000,00
638,00,00000000000000000000,00,00000000,00
639,00,00000000000000000000,00,00000000,00
640,00,00000000000000000000,00,00000000,00
641,00,00000000000000000000,00,00000000,00
642,00,00000000000000000000,00,00000000,00
643,00,00000000000000000000,00,00000000,00
644,00,00000000000000101110,00,10111110,11
645,00,00000000000000000000,00,00000000,00
646,00,00000000000000000000,00,00000000,00
647,00,00000000000000000000,00,00000000,00
648,00,00000000000000000000,00,00000000,00
649,00,00000000000000000000,00,00000000,00
650,00,00000000000000000000,00,00000000,00
651,00,00000000000000000000,00,00000000,00
652,00,00000000000000000000,00,00000000,00
653,00,00000000000000000000,00,00000000,00
654,00,00000000000000000000,00,00000000,00
655,00,00000000000000000000,00,00000000,00
656,00,00000000000000110000,00,11000110,11
657,00,00000000000000000000,00,00000000,00
658,00,00000000000000000000,00,00000000,00
659,00,00000000000000000000,00,00000000,00
660,00,00000000000000101111,00,10111111,11
661,00,00000000000000000000,00,00000000,00
662,00,00000000000000000000,00,00000000,00
663,00,00000000000000000000,00,00000000,00
664,00,00000000000000110001,00,11000111,11
665,00,00000000000000000000,00,00000000,00
666,00,00000000000000000000,00,00000000,00
667,00,00000000000000000000,00,00000000,00
668,00,00000000000000110010,00,11001110,11
669,00,00000000000000000000,00,00000000,00
670,00,00000000000000000000,00,00000000,00
671,00,00000000000000000000,00,00000000,00
672,00,00000000000000000000,00,00000000,00
673,00,00000000000000000000,00,00000000,00
674,00,00000000000000000000,00,00000000,00
675,00,00000000000000110011,00,11001111,11
676,00,00000000000000000000,00,00000000,00
677,00,00000000000000000000,00,00000000,00
678,00,00000000000000000000,00,00000000,00
679,00,00000000000000000000,00,00000000,00
680,00,00000000000000110100,00,11010110,11
681,00,00000000000000000000,00,00000000,00
682,00,00000000000000000000,00,00000000,00
683,00,00000000000000000000,00,00000000,00
684,00,00000000000000110110,00,11011110,11
685,00,00000000000000000000,00,00000000,00
686,00,00000000000000000000,00,00000000,00
687,00,00000000000000000000,00,00000000,00
688,00,00000000000000110101,00,11010111,11
689,00,00000000000000000000,00,00000000,00
690,00,00000000000000000000,00,00000000,00
691,00,00000000000000000000,00,00000000,00
692,00,00000000000000000000,00,00000000,00
693,00,00000000000000000000,00,00000000,00
694,00,00000000000000000000,00,00000000,00
695,00,00000000000000000000,00,00000000,00
696,00,00000000000000000000,00,00000000,00
697,00,00000000000000000000,00,00000000,00
698,00,00000000000000000000,00,00000000,00
699,00,00000000000000000000,00,00000000,00
700,00,00000000000000000000,00,00000000,00
701,00,00000000000000000000,00,00000000,00
702,00,00000000000000000000,00,00000000,00
703,00,00000000000000000000,00,00000000,00
704,00,00000000000000000000,00,00000000,00
705,00,00000000000000000000,00,00000000,00
706,00,00000000000000000000,00,00000000,00
707,00,00000000000000000000,00,00000000,00
708,00,00000000000000000000,00,00000000,00
709,00,00000000000000000000,00,00000000,00
710,00,00000000000000000000,00,00000000,00
711,00,00000000000000000000,00,00000000,00
712,00,00000000000000000000,00,00000000,00
713,00,00000000000000000000,00,00000000,00
714,00,00000000000000000000,00,00000000,00
715,00,00000000000000000000,00,00000000,00
716,00,00000000000000000000,00,00000000,00
717,00,00000000000000110111,00,11011111,11
718,00,00000000000000000000,00,00000000,00
719,00,00000000000000000000,00,00000000,00
720,00,00000000000000000000,00,00000000,00
721,00,00000000000000000000,00,00000000,00
722,00,00000000000000000000,00,00000000,00
723,00,00000000000000000000,00,00000000,00
724,00,00000000000000000000,00,00000000,00
725,00,00000000000000000000,00,00000000,00
726,00,00000000000000000000,00,00000000,00
727,00,00000000000000000000,00,00000000,00
728,00,00000000000000000000,00,00000000,00
729,00,00000000000000111000,00,11100110,11
730,00,00000000000000000000,00,00000000,00
731,00,00000000000000000000,00,00000000,00
732,00,00000000000000000000,00,00000000,00
733,00,00000000000000000000,00,00000000,00
734,00,00000000000000111001,00,11100111,11
735,00,00000000000000000000,00,00000000,00
736,00,00000000000000000000,00,00000000,00
737,00,00000000000000000000,00,00000000,00
738,00,00000000000000111010,00,11101110,11
739,00,00000000000000000000,00,00000000,00
740,00,00000000000000000000,00,00000000,00
741,00,00000000000000000000,00,00000000,00
742,00,00000000000000111011,00,11101111,11
743,00,00000000000000000000,00,00000000,00
744,00,00000000000000000000,00,00000000,00
745,00,00000000000000000000,00,00000000,00
746,00,00000000000000000000,00,00000000,00
747,00,00000000000000000000,00,00000000,00
748,00,00000000000000000000,00,00000000,00
749,00,00000000000000000000,00,00000000,00
750,00,00000000000000000000,00,00000000,00
751,00,00000000000000000000,00,00000000,00
752,00,00000000000000000000,00,00000000,00
753,00,00000000000000000000,00,00000000,00
754,00,00000000000000000000,00,00000000,00
755,00,00000000000000000000,00,00000000,00
756,00,00000000000000000000,00,00000000,00
757,00,00000000000000000000,00,00000000,00
758,00,00000000000000111100,00,11110110,11
759,00,00000000000000000000,00,00000000,00
760,00,00000000000000000000,00,00000000,00
761,00,00000000000000000000,00,00000000,00
762,00,00000000000000111101,00,11110111,11
763,00,00000000000000000000,00,00000000,00
764,00,00000000000000000000,00,00000000,00
765,00,00000000000000000000,00,00000000,00
766,00,00000000000000000000,00,00000000,00
767,00,00000000000000000000,00,00000000,00
768,00,00000000000000000000,00,00000000,00
769,00,00000000000000000000,00,00000000,00
770,00,00000000000000000000,00,00000000,00
771,00,00000000000000000000,00,00000000,00
772,00,00000000000000000000,00,00000000,00
773,00,00000000000000000000,00,00000000,00
774,00,00000000000000000000,00,00000000,00
775,00,00000000000000000000,00,00000000,00
776,00,00000000000000000000,00,00000000,00
777,00,00000000000000000000,00,00000000,00
778,00,00000000000000000000,00,00000000,00
779,00,00000000000000000000,00,00000000,00
780,00,00000000000000000000,00,00000000,00
781,00,00000000000000000000,00,00000000,00
782,00,00000000000000111110,00,11111110,11
783,00,00000000000000000000,00,00000000,00
784,00,00000000000000000000,00,00000000,00
785,00,00000000000000000000,00,00000000,00
786,00,00000000000000111111,00,11111111,11
787,00,00000000000000000000,00,00000000,00
788,00,00000000000000000000,00,00000000,00
789,00,00000000000000000000,00,00000000,00
790,00,00000000000001000000,00,00000110,11
791,00,00000000000000000000,00,00000000,00
792,00,00000000000000000000,00,00000000,00
793,00,00000000000000000000,00,00000000,00
794,00,00000000000000000000,00,00000000,00
795,00,00000000000000000000,00,00000000,00
796,00,00000000000000000000,00,00000000,00
797,00,00000000000000000000,00,00000000,00
798,00,00000000000000000000,00,00000000,00
799,00,00000000000000000000,00,00000000,00
800,00,00000000000000000000,00,00000000,00
801,00,00000000000000000000,00,00000000,00
802,00,00000000000001000001,00,00000111,11
803,00,00000000000000000000,00,00000000,00
804,00,00000000000000000000,00,00000000,00
805,00,00000000000000000000,00,00000000,00
806,00,00000000000001000010,00,00001110,11
807,00,00000000000000000000,00,00000000,00
808,00,00000000000000000000,00,00000000,00
809,00,00000000000000000000,00,00000000,00
810,00,00000000000001000011,00,00001111,11
811,00,00000000000000000000,00,00000000,00
812,00,00000000000000000000,00,00000000,00
813,00,00000000000000000000,00,00000000,00
814,00,00000000000001000100,00,00010110,11
815,00,00000000000000000000,00,00000000,00
816,00,00000000000000000000,00,00000000,00
817,00,00000000000000000000,00,00000000,00
818,00,00000000000000000000,00,00000000,00
819,00,00000000000000000000,00,00000000,00
820,00,00000000000000000000,00,00000000,00
821,00,00000000000000000000,00,00000000,00
822,00,00000000000000000000,00,00000000,00
823,00,00000000000000000000,00,00000000,00
824,00,00000000000000000000,00,00000000,00
825,00,00000000000000000000,00,00000000,00
826,00,00000000000001000101,00,00010111,11
827,00,00000000000000000000,00,00000000,00
828,00,00000000000000000000,00,00000000,00
829,00,00000000000000000000,00,00000000,00
830,00,00000000000001000110,00,00011110,11
831,00,00000000000000000000,00,00000000,00
832,00,00000000000000000000,00,00000000,00
833,00,00000000000000000000,00,00000000,00
834,00,00000000000001000111,00,00011111,11
835,00,00000000000000000000,00,00000000,00
836,00,00000000000000000000,00,00000000,00
837,00,00000000000000000000,00,00000000,00
838,00,00000000000001001000,00,00100110,11
839,00,00000000000000000000,00,00000000,00
840,00,00000000000000000000,00,00000000,00
841,00,00000000000000000000,00,00000000,00
842,00,00000000000001001001,00,00100111,11
843,00,00000000000000000000,00,00000000,00
844,00,00000000000000000000,00,00000000,00
845,00,00000000000000000000,00,00000000,00
846,00,00000000000001001010,00,00101110,11
847,00,00000000000000000000,00,00000000,00
848,00,00000000000000000000,00,00000000,00
849,00,00000000000000000000,00,00000000,00
850,00,00000000000001001011,00,00101111,11
851,00,00000000000000000000,00,00000000,00
852,00,00000000000000000000,00,00000000,00
853,00,00000000000000000000,00,00000000,00
854,00,00000000000001001100,00,00110110,11
855,00,00000000000000000000,00,00000000,00
856,00,00000000000000000000,00,00000000,00
857,00,00000000000000000000,00,00000000,00
858,00,00000000000001001101,00,00110111,11
859,00,00000000000000000000,00,00000000,00
860,00,00000000000000000000,00,00000000,00
861,00,00000000000000000000,00,00000000,00
862,00,00000000000001001110,00,00111110,11
863,00,00000000000000000000,00,00000000,00
864,00,00000000000000000000,00,00000000,00
865,00,00000000000000000000,00,00000000,00
866,00,00000000000001001111,00,00111111,11
867,00,00000000000000000000,00,00000000,00
868,00,00000000000000000000,00,00000000,00
869,00,00000000000000000000,00,00000000,00
870,00,00000000000001010000,00,01000110,11
871,00,00000000000000000000,00,00000000,00
872,00,00000000000000000000,00,00000000,00
873,00,00000000000000000000,00,00000000,00
874,00,00000000000001010001,00,01000111,11
875,00,00000000000000000000,00,00000000,00
876,00,00000000000000000000,00,00000000,00
877,00,00000000000000000000,00,00000000,00
878,00,00000000000001010010,00,01001110,11
879,00,00000000000000000000,00,00000000,00
880,00,00000000000000000000,00,00000000,00
881,00,00000000000000000000,00,00000000,00
882,00,00000000000001010100,00,01010110,11
883,00,00000000000000000000,00,00000000,00
884,00,00000000000000000000,00,00000000,00
885,00,00000000000000000000,00,00000000,00
886,00,00000000000000000000,00,00000000,00
887,00,00000000000000000000,00,00000000,00
888,00,00000000000000000000,00,00000000,00
889,00,00000000000000000000,00,00000000,00
890,00,00000000000000000000,00,00000000,00
891,00,00000000000001010011,00,01001111,11
892,00,00000000000001010110,00,01011110,11
893,00,00000000000001010101,00,01010111,11
894,00,00000000000001011000,00,01100110,11
895,00,00000000000001010111,00,01011111,11
896,00,00000000000000000000,00,00000000,00
897,00,00000000000001011001,00,01100111,11
898,00,00000000000001011010,00,01101110,11
899,00,00000000000001011011,00,01101111,11
900,00,00000000000001011100,00,01110110,11
901,00,00000000000000000000,00,00000000,00
902,00,00000000000001011101,00,01110111,11
903,00,00000000000001011110,00,01111110,11
904,00,00000000000001100000,00,10000110,11
905,00,00000000000001011111,00,01111111,11
906,00,00000000000001100010,00,10001110,11
907,00,00000000000001100001,00,10000111,11
908,00,00000000000000000000,00,00000000,00
909,00,00000000000001100011,00,10001111,11
910,00,00000000000001100100,00,10010110,11
911,00,00000000000001100110,00,10011110,11
912,00,00000000000001101000,00,10100110,11
913,00,00000000000001100101,00,10010111,11
914,00,00000000000001101010,00,10101110,11
915,00,00000000000001100111,00,10011111,11
916,00,00000000000001101100,00,10110110,11
917,00,00000000000001101001,00,10100111,11
918,00,00000000000001101110,00,10111110,11
919,00,00000000000001101011,00,10101111,11
920,00,00000000000001110000,00,11000110,11
921,00,00000000000001101101,00,10110111,11
922,00,00000000000001110010,00,11001110,11
923,00,00000000000001101111,00,10111111,11
924,00,00000000000001110100,00,11010110,11
925,00,00000000000001110001,00,11000111,11
926,00,00000000000001110011,00,11001111,11
927,00,00000000000001110110,00,11011110,11
928,00,00000000000001110101,00,11010111,11
929,00,00000000000001110111,00,11011111,11
930,00,00000000000001111000,00,11100110,11
931,00,00000000000001111001,00,11100111,11
932,00,00000000000001111010,00,11101110,11
933,00,00000000000001111011,00,11101111,11
934,00,00000000000001111100,00,11110110,11
935,00,00000000000001111101,00,11110111,11
936,00,00000000000001111110,00,11111110,11
937,00,00000000000001111111,00,11111111,11
938,00,00000000000000000000,00,00000000,00
