cycle,load,store,vector,scalar,sfu,reserved,eop,word_hex
0,0x00000000003,0x00000000000,0x000000000,0x00000000,0x00000000,0,0,0000000000c00000000000000000000000000000000000
1,0x00000001007,0x00000000000,0x000000000,0x00000000,0x00000000,0,0,0000000401c00000000000000000000000000000000000
2,0x0000000200b,0x00000000000,0x000000000,0x00000000,0x00000000,0,0,0000000802c00000000000000000000000000000000000
3,0x0000000300f,0x00000000000,0x000000000,0x00000000,0x00000000,0,0,0000000c03c00000000000000000000000000000000000
4,0x00000004013,0x00000000000,0x000000000,0x00000000,0x00000000,0,0,0000001004c00000000000000000000000000000000000
5,0x00000005017,0x00000000000,0x000000000,0x00000000,0x00000000,0,0,0000001405c00000000000000000000000000000000000
6,0x0000000601b,0x00000000000,0x000000000,0x00000000,0x00000000,0,0,0000001806c00000000000000000000000000000000000
7,0x0000000701f,0x00000000000,0x000000000,0x00000000,0x00000000,0,0,0000001c07c00000000000000000000000000000000000
8,0x00000008023,0x00000000000,0x000000000,0x00000000,0x00000000,0,0,0000002008c00000000000000000000000000000000000
9,0x00000009063,0x00000000000,0x0200000cb,0x00000000,0x00000000,0,0,0000002418c000000000008000032c0000000000000000
10,0x0000000a067,0x00000000000,0x0202000eb,0x00000000,0x00000000,0,0,0000002819c00000000000808003ac0000000000000000
11,0x0000000b06b,0x00000000000,0x02040010b,0x00000000,0x00000000,0,0,0000002c1ac000000000008100042c0000000000000000
12,0x0000000c0ab,0x00000000000,0x02200030b,0x00000000,0x00000000,0,0,000000302ac0000000000088000c2c0000000000000000
13,0x0000000d0af,0x00000000000,0x02220032b,0x00000000,0x00000000,0,0,000000342bc0000000000088800cac0000000000000000
14,0x0000000e0b3,0x00000000000,0x02240034b,0x00000000,0x00000000,0,0,000000382cc0000000000089000d2c0000000000000000
15,0x0000000f0f3,0x00000000000,0x02400054b,0x00000000,0x00000000,0,0,0000003c3cc000000000009000152c0000000000000000
16,0x000000100f7,0x00000000000,0x02420056b,0x00000000,0x00000000,0,0,000000403dc00000000000908015ac0000000000000000
17,0x000000110fb,0x00000000000,0x02440058b,0x00000000,0x00000000,0,0,000000443ec000000000009100162c0000000000000000
18,0x0000001213b,0x00000000000,0x02600078b,0x00000000,0x00000000,0,0,000000484ec0000000000098001e2c0000000000000000
19,0x0000001313f,0x00000000000,0x0262007ab,0x00000000,0x00000000,0,0,0000004c4fc0000000000098801eac0000000000000000
20,0x00000014143,0x00000000000,0x0264007cb,0x00000000,0x00000000,0,0,0000005050c0000000000099001f2c0000000000000000
21,0x00000015183,0x00000000000,0x0280009cb,0x00000000,0x00000000,0,0,0000005460c00000000000a000272c0000000000000000
22,0x00000016187,0x00000000000,0x0282009eb,0x00602002,0x00000000,0,0,0000005861c00000000000a08027ac0301001000000000
23,0x0000001718b,0x00000000000,0x028400a0b,0x00000000,0x00000000,0,0,0000005c62c00000000000a100282c0000000000000000
24,0x000000181cb,0x00000000000,0x02a000c0b,0x00000000,0x00000000,0,0,0000006072c00000000000a800302c0000000000000000
25,0x000000191cf,0x00000000000,0x02a200c2b,0x02622202,0x00000000,0,0,0000006473c00000000000a88030ac1311101000000000
26,0x0000001a1d3,0x00000000000,0x02a400c4b,0x00000000,0x00000000,0,0,0000006874c00000000000a900312c0000000000000000
27,0x0000001b213,0x00000000000,0x02c000e4b,0x00000000,0x00000000,0,0,0000006c84c00000000000b000392c0000000000000000
28,0x0000001c217,0x00000000000,0x02c200e6b,0x04642402,0x00000000,0,0,0000007085c00000000000b08039ac2321201000000000
29,0x0000001d21b,0x00000000000,0x02c400e8b,0x00000000,0x00000000,0,0,0000007486c00000000000b1003a2c0000000000000000
30,0x0000001e25b,0x00000000000,0x02e00108b,0x00804062,0x00000000,0,0,0000007896c00000000000b800422c0402031000000000
31,0x0000001f25f,0x00000000000,0x02e2010ab,0x06662602,0x00000000,0,0,0000007c97c00000000000b88042ac3331301000000000
32,0x00000020263,0x00000000000,0x02e4010cb,0x00000000,0x00000000,0,0,0000008098c00000000000b900432c0000000000000000
33,0x000000212a3,0x00000000000,0x0300012cb,0x02824262,0x00000000,0,0,00000084a8c00000000000c0004b2c1412131000000000
34,0x000000222a7,0x00000000000,0x0302012eb,0x08682802,0x00000000,0,0,00000088a9c00000000000c0804bac4341401000000000
35,0x000000232ab,0x00000000000,0x03040130b,0x00000000,0x00000000,0,0,0000008caac00000000000c1004c2c0000000000000000
36,0x000000242eb,0x00000000000,0x03200150b,0x04844462,0x00000000,0,0,00000090bac00000000000c800542c2422231000000000
37,0x000000252ef,0x00000000000,0x03220152b,0x40a0c081,0x00000000,0,0,00000094bbc00000000000c88054ae0506040800000000
38,0x000000262f3,0x00000000000,0x03240154b,0x0a6a2a02,0x00000000,0,0,00000098bcc00000000000c900552c5351501000000000
39,0x00000027333,0x00000000000,0x03400174b,0x06864662,0x00000000,0,0,0000009cccc00000000000d0005d2c3432331000000000
40,0x00000028337,0x00000000000,0x03420176b,0x42a0c281,0x00000000,0,0,000000a0cdc00000000000d0805dae1506140800000000
41,0x0000002933b,0x00000000000,0x03440178b,0x0c6c2c02,0x00000000,0,0,000000a4cec00000000000d1005e2c6361601000000000
42,0x0000002a37b,0x00000000000,0x03600198b,0x08884862,0x00000000,0,0,000000a8dec00000000000d800662c4442431000000000
43,0x0000002b37f,0x00000000000,0x0362019ab,0x44a0c481,0x00000000,0,0,000000acdfc00000000000d88066ae2506240800000000
44,0x0000002c383,0x00000000000,0x04120a0c3,0x00000000,0x00000000,0,0,000000b0e0c000000000010482830c0000000000000000
45,0x00000000000,0x00000000000,0x04160a0e3,0x0a8a4a62,0x00000000,0,0,00000000000000000000010582838c5452531000000000
46,0x00000000000,0x00000000000,0x041a0a103,0x46a0c681,0x00000000,0,0,00000000000000000000010682840e3506340800000000
47,0x00000000000,0x00000000000,0x04362a303,0x00000000,0x00000000,0,0,00000000000000000000010d8a8c0c0000000000000000
48,0x00000000000,0x00000000000,0x043a2a323,0x0c8c4c62,0x00000000,0,0,00000000000000000000010e8a8c8c6462631000000000
49,0x00000000000,0x00000000000,0x043e2a343,0x48a0c881,0x00000000,0,0,00000000000000000000010f8a8d0e4506440800000000
50,0x00000000000,0x00000000000,0x045a4a543,0x00000000,0x00000000,0,0,00000000000000000000011692950c0000000000000000
51,0x00000000000,0x00000000000,0x02140012e,0x0e6e2e02,0x00000000,0,0,0000000000000000000000850004b87371701000000000
52,0x00000000000,0x00000000000,0x02180016e,0x4aa0ca81,0x00000000,0,0,0000000000000000000000860005ba5506540800000000
53,0x00000000000,0x00000000000,0x021c001ae,0x10703002,0x00000000,0,0,0000000000000000000000870006b88381801000000000
54,0x00000000000,0x00000000000,0x02380036e,0x12723202,0x00000000,0,0,00000000000000000000008e000db89391901000000000
55,0x00000000000,0x00000000000,0x023c003ae,0x4ca0cc81,0x00000000,0,0,00000000000000000000008f000eba6506640800000000
56,0x00000000000,0x00000000000,0x0240003ee,0x14743402,0x00000000,0,0,000000000000000000000090000fb8a3a1a01000000000
57,0x00000000000,0x00000000000,0x025c005ae,0x16763602,0x00000000,0,0,0000000000000000000000970016b8b3b1b01000000000
58,0x00000000000,0x00000000000,0x020c0014d,0x0e8e4e62,0x00000000,0,0,0000000000000000000000830005347472731000000000
59,0x00000000000,0x00000000000,0x020e0018d,0x00000000,0x00000000,0,0,0000000000000000000000838006340000000000000000
60,0x00000000000,0x00000000000,0x0210001cd,0x10905062,0x00000000,0,0,0000000000000000000000840007348482831000000000
61,0x00000000000,0x00000000000,0x022c0038d,0x12925262,0x00000000,0,0,00000000000000000000008b000e349492931000000000
62,0x00000000000,0x00000000000,0x022e003cd,0x00000000,0x00000000,0,0,00000000000000000000008b800f340000000000000000
63,0x00000000000,0x00000000000,0x02300040d,0x14945462,0x00000000,0,0,00000000000000000000008c001034a4a2a31000000000
64,0x00000000000,0x00000000000,0x024c005cd,0x00000000,0x00000000,0,0,0000000000000000000000930017340000000000000000
65,0x00000000000,0x00000000000,0x045e4a563,0x4ea0ce81,0x00000000,0,0,00000000000000000000011792958e7506740800000000
66,0x00000000000,0x00000000000,0x04624a583,0x00000000,0x00000000,0,0,00000000000000000000011892960c0000000000000000
67,0x00000000000,0x00000000000,0x047e6a783,0x50a0d081,0x00000000,0,0,00000000000000000000011f9a9e0e8506840800000000
68,0x00000000000,0x00000000000,0x04826a7a3,0x52a0d281,0x00000000,0,0,0000000000000000000001209a9e8e9506940800000000
69,0x00000000000,0x00000000000,0x04866a7c3,0x00000000,0x00000000,0,0,0000000000000000000001219a9f0c0000000000000000
70,0x00000000000,0x00000000000,0x04a28a9c3,0x54a0d481,0x00000000,0,0,000000000000000000000128a2a70ea506a40800000000
71,0x00000000000,0x00000000000,0x04a68a9e3,0x0120e0cb,0x00000000,0,0,000000000000000000000129a2a78c0907065800000000
72,0x00000000000,0x00000000000,0x0260005ee,0x00000000,0x00000000,0,0,0000000000000000000000980017b80000000000000000
73,0x00000000000,0x00000000000,0x02640062e,0x00000000,0x00000000,0,0,0000000000000000000000990018b80000000000000000
74,0x00000000000,0x00000000000,0x0280007ee,0x0322e2cb,0x00000000,0,0,0000000000000000000000a0001fb81917165800000000
75,0x00000000000,0x00000000000,0x02840082e,0x00000000,0x00000000,0,0,0000000000000000000000a10020b80000000000000000
76,0x00000000000,0x00000000000,0x02880086e,0x00000000,0x00000000,0,0,0000000000000000000000a20021b80000000000000000
77,0x00000000000,0x00000000000,0x02a400a2e,0x00000000,0x00000000,0,0,0000000000000000000000a90028b80000000000000000
78,0x00000000000,0x00000000000,0x02a800a6e,0x0141012b,0x00000000,0,0,0000000000000000000000aa0029b80a08095800000000
79,0x00000000000,0x00000000000,0x024e0060d,0x00000000,0x00000000,0,0,0000000000000000000000938018340000000000000000
80,0x00000000000,0x00000000000,0x02500064d,0x00000000,0x00000000,0,0,0000000000000000000000940019340000000000000000
81,0x00000000000,0x00000000000,0x026c0080d,0x0343032b,0x00000000,0,0,00000000000000000000009b0020341a18195800000000
82,0x00000000000,0x00000000000,0x026e0084d,0x00000000,0x00000000,0,0,00000000000000000000009b8021340000000000000000
83,0x00000000000,0x00000000000,0x02700088d,0x00000000,0x00000000,0,0,00000000000000000000009c0022340000000000000000
84,0x00000000000,0x00000000000,0x028c00a4d,0x00000000,0x00000000,0,0,0000000000000000000000a30029340000000000000000
85,0x00000000000,0x00000000000,0x028e00a8d,0x4160c14f,0x00000000,0,0,0000000000000000000000a3802a360b060a7800000000
86,0x00000000000,0x00000000000,0x04aa8aa03,0x00000000,0x00000000,0,0,00000000000000000000012aa2a80c0000000000000000
87,0x00000000000,0x00000000000,0x04c6aac03,0x00000000,0x00000000,0,0,000000000000000000000131aab00c0000000000000000
88,0x00000000000,0x00000000000,0x04caaac23,0x4360c34f,0x00000000,0,0,000000000000000000000132aab08e1b061a7800000000
89,0x00000000000,0x00000000000,0x04ceaac43,0x00000000,0x00000000,0,0,000000000000000000000133aab10c0000000000000000
90,0x00000000000,0x00000000000,0x04eacae43,0x00000000,0x00000000,0,0,00000000000000000000013ab2b90c0000000000000000
91,0x00000000000,0x00000000000,0x04eecae63,0x0524e4cb,0x00000000,0,0,00000000000000000000013bb2b98c2927265800000000
92,0x00000000000,0x00000000000,0x04f2cae83,0x41808162,0x00000000,0,0,00000000000000000000013cb2ba0e0c040b1000000000
93,0x00000000000,0x00000000000,0x02ac00aae,0x00000000,0x00000000,0,0,0000000000000000000000ab002ab80000000000000000
94,0x00000000000,0x00000000000,0x02c800c6e,0x0726e6cb,0x00000000,0,0,0000000000000000000000b20031b83937365800000000
95,0x00000000000,0x00000000000,0x02cc00cae,0x43808362,0x00000000,0,0,0000000000000000000000b30032ba1c041b1000000000
96,0x00000000000,0x00000000000,0x02d000cee,0x00000000,0x00000000,0,0,0000000000000000000000b40033b80000000000000000
97,0x00000000000,0x00000000000,0x02ec00eae,0x0928e8cb,0x00000000,0,0,0000000000000000000000bb003ab84947465800000000
98,0x00000000000,0x00000000000,0x02f000eee,0x0545052b,0x00000000,0,0,0000000000000000000000bc003bb82a28295800000000
99,0x00000000000,0x00000000000,0x02f400f2e,0x00000000,0x01a18002,0,0,0000000000000000000000bd003cb8000000001a180020
100,0x00000000000,0x00000000000,0x029000acd,0x00000000,0x00000000,0,0,0000000000000000000000a4002b340000000000000000
101,0x00000000000,0x00000000000,0x02ac00c8d,0x0747072b,0x00000000,0,0,0000000000000000000000ab0032343a38395800000000
102,0x00000000000,0x00000000000,0x02ae00ccd,0x00000000,0x03a38002,0,0,0000000000000000000000ab803334000000003a380020
103,0x00000000000,0x00000000000,0x02b000d0d,0x00000000,0x00000000,0,0,0000000000000000000000ac0034340000000000000000
104,0x00000000000,0x00000000000,0x02cc00ecd,0x00000000,0x00000000,0,0,0000000000000000000000b3003b340000000000000000
105,0x00000000000,0x00000000000,0x02ce00f0d,0x4560c54f,0x00000000,0,0,0000000000000000000000b3803c362b062a7800000000
106,0x00000000000,0x00000000000,0x02d000f4d,0x00000000,0x00000000,0,0,0000000000000000000000b4003d340000000000000000
107,0x00000000000,0x00000000000,0x050eeb083,0x00000000,0x00000000,0,0,000000000000000000000143bac20c0000000000000000
108,0x00000000000,0x00000000000,0x0512eb0a3,0x4760c74f,0x00000000,0,0,000000000000000000000144bac28e3b063a7800000000
109,0x00000000000,0x00000000000,0x0516eb0c3,0x00000000,0x00000000,0,0,000000000000000000000145bac30c0000000000000000
110,0x00000000000,0x00000000000,0x05330b2c3,0x00000000,0x00000000,0,0,00000000000000000000014cc2cb0c0000000000000000
111,0x00000000000,0x00000000000,0x05370b2e3,0x00000000,0x00000000,0,0,00000000000000000000014dc2cb8c0000000000000000
112,0x00000000000,0x00000000000,0x053b0b303,0x45808562,0x00000000,0,0,00000000000000000000014ec2cc0e2c042b1000000000
113,0x00000000000,0x00000000000,0x0364019cb,0x0949092b,0x00000000,0,0,0000000000000000000000d900672c4a48495800000000
114,0x00000000000,0x00000000000,0x0310010ee,0x00000000,0x00000000,0,0,0000000000000000000000c40043b80000000000000000
115,0x00000000000,0x00000000000,0x03140112e,0x47808762,0x00000000,0,0,0000000000000000000000c50044ba3c043b1000000000
116,0x00000000000,0x00000000000,0x03180116e,0x0b2aeacb,0x00000000,0,0,0000000000000000000000c60045b85957565800000000
117,0x00000000000,0x00000000000,0x03340132e,0x0d2ceccb,0x00000000,0,0,0000000000000000000000cd004cb86967665800000000
118,0x00000000000,0x00000000000,0x03380136e,0x00000000,0x00000000,0,0,0000000000000000000000ce004db80000000000000000
119,0x00000000000,0x00000000000,0x033c013ae,0x41c0a1b1,0x05a58002,0,0,0000000000000000000000cf004eba0e050d885a580020
120,0x00000000000,0x00000000000,0x05572b503,0x4960c94f,0x00000000,0,0,000000000000000000000155cad40e4b064a7800000000
121,0x00000000000,0x00000000000,0x02ec0110d,0x43c0a3b1,0x00000000,0,0,0000000000000000000000bb0044361e051d8800000000
122,0x00000000000,0x00000000000,0x02ee0114d,0x00000000,0x07a78002,0,0,0000000000000000000000bb804534000000007a780020
123,0x00000000000,0x00000000000,0x02f00118d,0x0b4b0b2b,0x00000000,0,0,0000000000000000000000bc0046345a58595800000000
124,0x00000000000,0x00000000000,0x030c0134d,0x0d4d0d2b,0x00000000,0,0,0000000000000000000000c3004d346a68695800000000
125,0x00000000000,0x00000000000,0x030e0138d,0x16965662,0x00000000,0,0,0000000000000000000000c3804e34b4b2b31000000000
126,0x00000000000,0x00000000000,0x0310013cd,0x00000000,0x01e1c003,0,0,0000000000000000000000c4004f34000000001e1c0030
127,0x00000000000,0x00000000000,0x03580156e,0x49808962,0x00000000,0,0,0000000000000000000000d60055ba4c044b1000000000
128,0x00000000000,0x00000000000,0x055b2b523,0x00000000,0x03e3c003,0,0,000000000000000000000156cad48c000000003e3c0030
129,0x00000000000,0x00000000000,0x055f2b543,0x00000000,0x00000000,0,0,000000000000000000000157cad50c0000000000000000
130,0x00000000000,0x00000000000,0x057b4b743,0x00000000,0x00000000,0,0,00000000000000000000015ed2dd0c0000000000000000
131,0x00000000000,0x00000000000,0x057f4b763,0x4b60cb4f,0x00000000,0,0,00000000000000000000015fd2dd8e5b065a7800000000
132,0x00000000000,0x00000000000,0x05834b783,0x4d60cd4f,0x00000000,0,0,000000000000000000000160d2de0e6b066a7800000000
133,0x00000000000,0x00000000000,0x038001bcb,0x56a0d681,0x00000000,0,0,0000000000000000000000e0006f2eb506b40800000000
134,0x00000000000,0x00000000000,0x032c0158d,0x00000000,0x09a98002,0,0,0000000000000000000000cb005634000000009a980020
135,0x00000000000,0x00000000000,0x035c015ae,0x0f2eeecb,0x00000000,0,0,0000000000000000000000d70056b87977765800000000
136,0x00000000000,0x00000000000,0x0360015ee,0x00000000,0x00000000,0,0,0000000000000000000000d80057b80000000000000000
137,0x00000000000,0x00000000000,0x037c017ae,0x1130f0cb,0x00000000,0,0,0000000000000000000000df005eb88987865800000000
138,0x00000000000,0x00000000000,0x0380017ee,0x45c0a5b1,0x00000000,0,0,0000000000000000000000e0005fba2e052d8800000000
139,0x00000000000,0x00000000000,0x03840182e,0x4b808b62,0x00000000,0,0,0000000000000000000000e10060ba5c045b1000000000
140,0x00000000000,0x00000000000,0x059f6b983,0x4d808d62,0x00000000,0,0,000000000000000000000167dae60e6c046b1000000000
141,0x00000000000,0x00000000000,0x038401c0b,0x47c0a7b1,0x00000000,0,0,0000000000000000000000e100702e3e053d8800000000
142,0x00000000000,0x00000000000,0x032e015cd,0x0f4f0f2b,0x00000000,0,0,0000000000000000000000cb8057347a78795800000000
143,0x00000000000,0x00000000000,0x03300160d,0x00000000,0x00000000,0,0,0000000000000000000000cc0058340000000000000000
144,0x00000000000,0x00000000000,0x034c017cd,0x1151112b,0x00000000,0,0,0000000000000000000000d3005f348a88895800000000
145,0x00000000000,0x00000000000,0x041e1e121,0x00000000,0x05e5c003,0,0,000000000000000000000107878484000000005e5c0030
146,0x00000000000,0x00000000000,0x04241e161,0x00000000,0x0bab8002,0,0,00000000000000000000010907858400000000bab80020
147,0x00000000000,0x00000000000,0x042a1e1a1,0x00000000,0x0dad8002,0,0,00000000000000000000010a87868400000000dad80020
148,0x00000000000,0x00000000000,0x04423e361,0x00000000,0x07e7c003,0,0,0000000000000000000001108f8d84000000007e7c0030
149,0x00000000000,0x00000000000,0x04483e3a1,0x4f60cf4f,0x00000000,0,0,0000000000000000000001120f8e867b067a7800000000
150,0x00000000000,0x00000000000,0x044e3e3e1,0x00000000,0x00000000,0,0,0000000000000000000001138f8f840000000000000000
151,0x00000000000,0x00000000000,0x034e0180d,0x5160d14f,0x00000000,0,0,0000000000000000000000d38060368b068a7800000000
152,0x00000000000,0x00000000000,0x0020001e1,0x00000000,0x00000000,0,0,0000000000000000000000080007840000000000000000
153,0x00000000000,0x00000000000,0x002604241,0x49c0a9b1,0x00000000,0,0,0000000000000000000000098109064e054d8800000000
154,0x00000000000,0x00000000000,0x000000000,0x1332f2cb,0x00000000,0,0,0000000000000000000000000000009997965800000000
155,0x00000000000,0x00000000000,0x002c082a1,0x00000000,0x00000000,0,0,00000000000000000000000b020a840000000000000000
156,0x00000000000,0x00000000000,0x004400421,0x4f808f62,0x00000000,0,0,0000000000000000000000110010867c047b1000000000
157,0x00000000000,0x00000000000,0x004a04481,0x00000000,0x00000000,0,0,0000000000000000000000128112040000000000000000
158,0x00000000000,0x00000000000,0x0050084e1,0x51809162,0x00000000,0,0,0000000000000000000000140213868c048b1000000000
159,0x00000000000,0x00000000000,0x002202202,0x00000000,0x00000000,0,0,0000000000000000000000088088080000000000000000
160,0x00000000000,0x00000000000,0x03500184d,0x00000000,0x09e9c003,0,0,0000000000000000000000d4006134000000009e9c0030
161,0x00000000000,0x00000000000,0x002806262,0x1353132b,0x00000000,0,0,00000000000000000000000a0189889a98995800000000
162,0x00000000000,0x00000000000,0x000000000,0x00000000,0x00000000,0,0,0000000000000000000000000000000000000000000000
163,0x00000000000,0x00000000000,0x002e0a2c2,0x1534f4cb,0x0faf8002,0,0,00000000000000000000000b828b08a9a7a658faf80020
164,0x00000000000,0x00000000000,0x004602442,0x00000000,0x00000000,0,0,0000000000000000000000118091080000000000000000
165,0x00000000000,0x00000000000,0x004c064a2,0x4bc0abb1,0x11b18002,0,0,00000000000000000000001301928a5e055d891b180020
166,0x00000000000,0x00000000047,0x046c5e5e1,0x4dc0adb1,0x00000000,0,0,00000000000000000004711b1797866e056d8800000000
167,0x00000000000,0x00000000000,0x00520a502,0x00000000,0x00000000,0,0,0000000000000000000000148294080000000000000000
168,0x00000000000,0x00000000000,0x04665e5a1,0x5360d34f,0x00000000,0,0,0000000000000000000001199796869b069a7800000000
169,0x00000000000,0x00000001053,0x04725e621,0x00000000,0x00000000,0,0,00000000000000000105311c9798840000000000000000
170,0x0000002d3c3,0x0000000205f,0x04907e821,0x00000000,0x00000000,0,0,000000b4f0c000000205f1241fa0840000000000000000
171,0x0000002f3cb,0x0000000308f,0x05a36b9a3,0x00000000,0x00000000,0,0,000000bcf2c000000308f168dae68c0000000000000000
172,0x0000002e3c7,0x0000000409b,0x048a7e7e1,0x1555152b,0x0bebc003,0,0,000000b8f1c000000409b1229f9f84aaa8a958bebc0030
173,0x00000000000,0x00000000000,0x006e046c1,0x00000000,0x0dedc003,0,0,00000000000000000000001b811b0400000000dedc0030
174,0x00000031027,0x000000050a7,0x038201beb,0x00000000,0x00000000,0,0,000000c409c00000050a70e0806fac0000000000000000
175,0x00000030023,0x00000000000,0x006800661,0x53809362,0x00000000,0,0,000000c008c000000000001a0019869c049b1000000000
176,0x0000003202b,0x00000000000,0x007408721,0x00000000,0x00000000,0,0,000000c80ac000000000001d021c840000000000000000
177,0x00000000000,0x00000000000,0x009204901,0x00000000,0x00000000,0,0,0000000000000000000000248124040000000000000000
178,0x00000000000,0x00000000000,0x04967e861,0x00000000,0x00000000,0,0,0000000000000000000001259fa1840000000000000000
179,0x00000000000,0x00000000000,0x008c008a1,0x5560d54f,0x00000000,0,0,000000000000000000000023002286ab06aa7800000000
180,0x00000000000,0x00000000000,0x04ae9ea21,0x00000000,0x00000000,0,0,00000000000000000000012ba7a8840000000000000000
181,0x00000000000,0x00000000000,0x0070066e2,0x00000000,0x00000000,0,0,00000000000000000000001c019b880000000000000000
182,0x00000000000,0x00000000000,0x03a001e0b,0x4fc0afb1,0x13b38002,0,0,0000000000000000000000e800782e7e057d893b380020
183,0x00000000000,0x00000000000,0x006a02682,0x00000000,0x00000000,0,0,00000000000000000000001a809a080000000000000000
184,0x00000000000,0x00000000000,0x00760a742,0x51c0b1b1,0x00000000,0,0,00000000000000000000001d829d0a8e058d8800000000
185,0x00000000000,0x00000000000,0x009406922,0x00000000,0x00000000,0,0,00000000000000000000002501a4880000000000000000
186,0x00000000000,0x00000000000,0x008e028c2,0x55809562,0x00000000,0,0,00000000000000000000002380a30aac04ab1000000000
187,0x00000000000,0x00000000000,0x009808961,0x18783802,0x00000000,0,0,000000000000000000000026022584c3c1c01000000000
188,0x00000000000,0x00000000000,0x00b000ae1,0x00000000,0x00000000,0,0,00000000000000000000002c002b840000000000000000
189,0x00000000000,0x000000070e3,0x04b49ea61,0x00000000,0x0fefc003,0,0,0000000000000000070e312d27a98400000000fefc0030
190,0x00000000000,0x000000060d7,0x03a0019ee,0x00000000,0x00000000,0,0,0000000000000000060d70e80067b80000000000000000
191,0x0000003306b,0x000000080ef,0x04ba9eaa1,0x00000000,0x11f1c003,0,0,000000cc1ac00000080ef12ea7aa84000000011f1c0030
192,0x0000003406f,0x0000000a12b,0x04d2bec61,0x00000000,0x00000000,0,0,000000d01bc000000a12b134afb1840000000000000000
193,0x00000035073,0x0000000911f,0x04d8beca1,0x00000000,0x15b58002,0,0,000000d41cc000000911f1362fb284000000015b580020
194,0x00000000000,0x00000000000,0x009a0a982,0x18985862,0x00000000,0,0,00000000000000000000002682a608c4c2c31000000000
195,0x00000000000,0x00000000000,0x00b202b02,0x00000000,0x00000000,0,0,00000000000000000000002c80ac080000000000000000
196,0x00000000000,0x00000000000,0x00b604b41,0x00000000,0x00000000,0,0,00000000000000000000002d812d040000000000000000
197,0x00000000000,0x00000000000,0x036c01a0d,0x00000000,0x00000000,0,0,0000000000000000000000db0068340000000000000000
198,0x00000000000,0x00000000000,0x00bc08ba1,0x00000000,0x00000000,0,0,00000000000000000000002f022e840000000000000000
199,0x00000000000,0x00000000000,0x00d400d21,0x00000000,0x00000000,0,0,0000000000000000000000350034840000000000000000
200,0x00000000000,0x00000000000,0x00da04d81,0x00000000,0x00000000,0,0,0000000000000000000000368136040000000000000000
201,0x000000360b3,0x0000000b137,0x04debece1,0x53c0b3b1,0x00000000,0,0,000000d82cc000000b137137afb3869e059d8800000000
202,0x000000370b7,0x0000000c167,0x04fcdeee1,0x58a0d881,0x00000000,0,0,000000dc2dc000000c16713f37bb86c506c40800000000
203,0x00000000000,0x00000000000,0x04f6deea1,0x00000000,0x00000000,0,0,00000000000000000000013db7ba840000000000000000
204,0x000000380bb,0x00000000000,0x00b806b62,0x00000000,0x00000000,0,0,000000e02ec000000000002e01ad880000000000000000
205,0x00000000000,0x00000000000,0x03a201e2b,0x00000000,0x00000000,0,0,0000000000000000000000e88078ac0000000000000000
206,0x00000000000,0x00000000000,0x00be0abc2,0x00000000,0x00000000,0,0,00000000000000000000002f82af080000000000000000
207,0x00000000000,0x00000000000,0x00d602d42,0x00000000,0x00000000,0,0,00000000000000000000003580b5080000000000000000
208,0x00000000000,0x00000000000,0x00dc06da2,0x00000000,0x13f3c003,0,0,00000000000000000000003701b688000000013f3c0030
209,0x00000000000,0x00000000000,0x00e008de1,0x00000000,0x00000000,0,0,0000000000000000000000380237840000000000000000
210,0x00000000000,0x00000000000,0x00f800f61,0x00000000,0x00000000,0,0,00000000000000000000003e003d840000000000000000
211,0x00000000000,0x00000000000,0x00fe04fc1,0x00000000,0x00000000,0,0,00000000000000000000003f813f040000000000000000
212,0x00000000000,0x0000000d173,0x03c20012b,0x55c0b5b1,0x00000000,0,0,00000000000000000d1730f08004aeae05ad8800000000
213,0x000000390fb,0x0000000e17f,0x0502def21,0x00000000,0x00000000,0,0,000000e43ec000000e17f140b7bc840000000000000000
214,0x0000003a0ff,0x0000000f1af,0x0520ff121,0x00000000,0x00000000,0,0,000000e83fc000000f1af1483fc4840000000000000000
215,0x0000003b103,0x000000101bb,0x051aff0e1,0x00000000,0x00000000,0,0,000000ec40c00000101bb146bfc3840000000000000000
216,0x00000000000,0x00000000000,0x00e20ae02,0x00000000,0x00000000,0,0,00000000000000000000003882b8080000000000000000
217,0x00000000000,0x00000000000,0x00fa02f82,0x1a7a3a02,0x00000000,0,0,00000000000000000000003e80be08d3d1d01000000000
218,0x00000000000,0x00000000000,0x0526ff161,0x00000000,0x00000000,0,0,000000000000000000000149bfc5840000000000000000
219,0x00000000000,0x00000000000,0x010006fe2,0x00000000,0x15f5c003,0,0,00000000000000000000004001bf88000000015f5c0030
220,0x00000000000,0x00000000000,0x03a401e4b,0x00000000,0x00000000,0,0,0000000000000000000000e900792c0000000000000000
221,0x00000000000,0x00000000000,0x010409021,0x00000000,0x00000000,0,0,0000000000000000000000410240840000000000000000
222,0x00000000000,0x00000000000,0x011c011a1,0x00000000,0x00000000,0,0,0000000000000000000000470046840000000000000000
223,0x0000003c143,0x000000111c7,0x012205201,0x00000000,0x00000000,0,0,000000f050c00000111c70488148040000000000000000
224,0x0000003d147,0x000000121f7,0x05451f361,0x00000000,0x00000000,0,0,000000f451c00000121f715147cd840000000000000000
225,0x00000000000,0x00000000000,0x012809261,0x00000000,0x00000000,0,0,00000000000000000000004a0249840000000000000000
226,0x00000000000,0x00000000000,0x053f1f321,0x00000000,0x00000000,0,0,00000000000000000000014fc7cc840000000000000000
227,0x0000003e14b,0x00000013203,0x054b1f3a1,0x00000000,0x00000000,0,0,000000f852c0000013203152c7ce840000000000000000
228,0x00000000000,0x00000000000,0x01060b042,0x00000000,0x00000000,0,0,00000000000000000000004182c1080000000000000000
229,0x00000000000,0x00000000000,0x011e031c2,0x00000000,0x00000000,0,0,00000000000000000000004780c7080000000000000000
230,0x00000000000,0x00000000000,0x012407222,0x00000000,0x00000000,0,0,00000000000000000000004901c8880000000000000000
231,0x00000000000,0x00000000000,0x014605441,0x00000000,0x00000000,0,0,0000000000000000000000518151040000000000000000
232,0x00000000000,0x00000000000,0x03c00010b,0x1a9a5a62,0x00000000,0,0,0000000000000000000000f000042cd4d2d31000000000
233,0x00000000000,0x00000000000,0x012a0b282,0x00000000,0x00000000,0,0,00000000000000000000004a82ca080000000000000000
234,0x00000000000,0x00000000000,0x0140013e1,0x00000000,0x00000000,0,0,000000000000000000000050004f840000000000000000
235,0x0000003f18b,0x0000001420f,0x014c094a1,0x00000000,0x00000000,0,0,000000fc62c000001420f0530252840000000000000000
236,0x00000041193,0x0000001523f,0x05693f5a1,0x00000000,0x00000000,0,0,0000010464c000001523f15a4fd6840000000000000000
237,0x0000004018f,0x0000001624b,0x05633f561,0x00000000,0x00000000,0,0,0000010063c000001624b158cfd5840000000000000000
238,0x00000000000,0x00000000000,0x056f3f5e1,0x00000000,0x00000000,0,0,00000000000000000000015bcfd7840000000000000000
239,0x00000000000,0x00000000000,0x014807462,0x5aa0da81,0x00000000,0,0,00000000000000000000005201d18ad506d40800000000
240,0x000000431d7,0x00000017257,0x03c40014b,0x00000000,0x00000000,0,0,0000010c75c00000172570f100052c0000000000000000
241,0x000000421d3,0x00000000000,0x014203402,0x00000000,0x00000000,0,0,0000010874c000000000005080d0080000000000000000
242,0x000000441db,0x00000000000,0x014e0b4c2,0x00000000,0x00000000,0,0,0000011076c000000000005382d3080000000000000000
243,0x00000000000,0x00000000000,0x016a05681,0x00000000,0x00000000,0,0,00000000000000000000005a815a040000000000000000
244,0x00000000000,0x00000000000,0x016401621,0x1c7c3c02,0x00000000,0,0,000000000000000000000059005884e3e1e01000000000
245,0x00000000000,0x00000000000,0x0170096e1,0x00000000,0x00000000,0,0,00000000000000000000005c025b840000000000000000
246,0x00000000000,0x00000000000,0x05875f7a1,0x00000000,0x00000000,0,0,000000000000000000000161d7de840000000000000000
247,0x00000000000,0x00000019293,0x058d5f7e1,0x00000000,0x00000000,0,0,00000000000000001929316357df840000000000000000
248,0x00000000000,0x00000018287,0x05a76b9c3,0x00000000,0x00000000,0,0,000000000000000018287169dae70c0000000000000000
249,0x0000004521b,0x0000001a29f,0x05935f821,0x00000000,0x00000000,0,0,0000011486c000001a29f164d7e0840000000000000000
250,0x00000047223,0x00000000000,0x016c076a2,0x00000000,0x00000000,0,0,0000011c88c000000000005b01da880000000000000000
251,0x0000004621f,0x00000000000,0x016603642,0x00000000,0x00000000,0,0,0000011887c000000000005980d9080000000000000000
252,0x00000000000,0x00000000000,0x01720b702,0x1c9c5c62,0x00000000,0,0,00000000000000000000005c82dc08e4e2e31000000000
253,0x00000000000,0x00000000000,0x018801861,0x00000000,0x00000000,0,0,0000000000000000000000620061840000000000000000
254,0x00000000000,0x00000000000,0x018e058c1,0x00000000,0x00000000,0,0,0000000000000000000000638163040000000000000000
255,0x00000000000,0x00000000000,0x03e20036b,0x00000000,0x00000000,0,0,0000000000000000000000f8800dac0000000000000000
256,0x00000000000,0x00000000000,0x019409921,0x00000000,0x00000000,0,0,0000000000000000000000650264840000000000000000
257,0x00000000000,0x0000001c2db,0x03a401a2e,0x00000000,0x00000000,0,0,00000000000000001c2db0e90068b80000000000000000
258,0x00000000000,0x0000001b2cf,0x05c38bbc3,0x00000000,0x00000000,0,0,00000000000000001b2cf170e2ef0c0000000000000000
259,0x00000048263,0x0000001d2e7,0x03a801a6e,0x5ca0dc81,0x00000000,0,0,0000012098c000001d2e70ea0069bae506e40800000000
260,0x00000049267,0x00000000000,0x018a03882,0x00000000,0x00000000,0,0,0000012499c000000000006280e2080000000000000000
261,0x00000000000,0x00000000000,0x05c78bbe3,0x00000000,0x00000000,0,0,000000000000000000000171e2ef8c0000000000000000
262,0x0000004a26b,0x00000000000,0x0190078e2,0x00000000,0x00000000,0,0,000001289ac000000000006401e3880000000000000000
263,0x00000000000,0x00000000000,0x03e00034b,0x00000000,0x00000000,0,0,0000000000000000000000f8000d2c0000000000000000
264,0x00000000000,0x00000000000,0x01960b942,0x00000000,0x00000000,0,0,00000000000000000000006582e5080000000000000000
265,0x00000000000,0x00000000000,0x036e01a4d,0x00000000,0x00000000,0,0,0000000000000000000000db8069340000000000000000
266,0x00000000000,0x00000000000,0x037001a8d,0x00000000,0x00000000,0,0,0000000000000000000000dc006a340000000000000000
267,0x00000000000,0x0000001e317,0x05cb8bc03,0x00000000,0x00000000,0,0,00000000000000001e317172e2f00c0000000000000000
268,0x00000000000,0x00000000000,0x03c401c2e,0x00000000,0x00000000,0,0,0000000000000000000000f10070b80000000000000000
269,0x00000000000,0x00000000000,0x03c801c6e,0x00000000,0x00000000,0,0,0000000000000000000000f20071b80000000000000000
270,0x00000000000,0x0000001f323,0x05ebabe23,0x00000000,0x00000000,0,0,00000000000000001f32317aeaf88c0000000000000000
271,0x0000004b2ab,0x0000002032f,0x05e7abe03,0x00000000,0x00000000,0,0,0000012caac000002032f179eaf80c0000000000000000
272,0x0000004c2af,0x00000000000,0x05efabe43,0x00000000,0x00000000,0,0,00000130abc000000000017beaf90c0000000000000000
273,0x00000000000,0x00000000000,0x0417ca103,0x00000000,0x00000000,0,0,000000000000000000000105f2840c0000000000000000
274,0x0000004d2b3,0x00000000000,0x03cc01cae,0x00000000,0x00000000,0,0,00000134acc00000000000f30072b80000000000000000
275,0x00000000000,0x00000000000,0x038c01c4d,0x1e7e3e02,0x00000000,0,0,0000000000000000000000e3007134f3f1f01000000000
276,0x00000000000,0x00000000000,0x038e01c8d,0x00000000,0x00000000,0,0,0000000000000000000000e38072340000000000000000
277,0x00000000000,0x00000000000,0x03ec01eae,0x1736f6cb,0x00000000,0,0,0000000000000000000000fb007ab8b9b7b65800000000
278,0x00000000000,0x00000000000,0x03e801e6e,0x00000000,0x00000000,0,0,0000000000000000000000fa0079b80000000000000000
279,0x00000000000,0x00000000000,0x03f001eee,0x00000000,0x00000000,0,0,0000000000000000000000fc007bb80000000000000000
280,0x00000000000,0x00000000000,0x02180016e,0x00000000,0x00000000,0,0,0000000000000000000000860005b80000000000000000
281,0x00000000000,0x00000000000,0x039001ccd,0x00000000,0x00000000,0,0,0000000000000000000000e40073340000000000000000
282,0x00000000000,0x00000000000,0x041bca123,0x00000000,0x00000000,0,0,000000000000000000000106f2848c0000000000000000
283,0x00000000000,0x00000000000,0x041fca143,0x00000000,0x00000000,0,0,000000000000000000000107f2850c0000000000000000
284,0x00000000000,0x00000000000,0x03ae01ecd,0x1757172b,0x00000000,0,0,0000000000000000000000eb807b34bab8b95800000000
285,0x00000000000,0x00000000000,0x03ac01e8d,0x00000000,0x00000000,0,0,0000000000000000000000eb007a340000000000000000
286,0x00000000000,0x00000000000,0x03b001f0d,0x00000000,0x00000000,0,0,0000000000000000000000ec007c340000000000000000
287,0x00000000000,0x00000000000,0x03cc0018d,0x00000000,0x00000000,0,0,0000000000000000000000f30006340000000000000000
288,0x00000000000,0x00000000000,0x03e40038b,0x1938f8cb,0x00000000,0,0,0000000000000000000000f9000e2cc9c7c65800000000
289,0x00000000000,0x00000000000,0x021c001ae,0x00000000,0x00000000,0,0,0000000000000000000000870006b80000000000000000
290,0x00000000000,0x00000000000,0x0220001ee,0x00000000,0x00000000,0,0,0000000000000000000000880007b80000000000000000
291,0x00000000000,0x00000000000,0x02000058b,0x5760d74f,0x00000000,0,0,00000000000000000000008000162ebb06ba7800000000
292,0x00000000000,0x00000000000,0x0202005ab,0x00000000,0x00000000,0,0,0000000000000000000000808016ac0000000000000000
293,0x00000000000,0x00000000000,0x0204005cb,0x00000000,0x00000000,0,0,00000000000000000000008100172c0000000000000000
294,0x00000000000,0x00000000000,0x0220007cb,0x00000000,0x00000000,0,0,000000000000000000000088001f2c0000000000000000
295,0x00000000000,0x00000000000,0x0222007eb,0x1959192b,0x00000000,0,0,000000000000000000000088801faccac8c95800000000
296,0x00000000000,0x00000000000,0x03ce001cd,0x00000000,0x00000000,0,0,0000000000000000000000f38007340000000000000000
297,0x00000000000,0x00000000000,0x03d00020d,0x00000000,0x00000000,0,0,0000000000000000000000f40008340000000000000000
298,0x00000000000,0x00000000000,0x02240080b,0x57809762,0x00000000,0,0,00000000000000000000008900202ebc04bb1000000000
299,0x00000000000,0x00000000000,0x024000a0b,0x1b3afacb,0x00000000,0,0,00000000000000000000009000282cd9d7d65800000000
300,0x00000000000,0x00000000000,0x024200a2b,0x1e9e5e62,0x00000000,0,0,0000000000000000000000908028acf4f2f31000000000
301,0x00000000000,0x00000000000,0x024400a4b,0x00000000,0x00000000,0,0,00000000000000000000009100292c0000000000000000
302,0x00000000000,0x00000000000,0x026000c4b,0x5960d94f,0x00000000,0,0,00000000000000000000009800312ecb06ca7800000000
303,0x00000000000,0x00000000000,0x026200c6b,0x00000000,0x00000000,0,0,0000000000000000000000988031ac0000000000000000
304,0x00000000000,0x00000000000,0x026400c8b,0x00602002,0x00000000,0,0,00000000000000000000009900322c0301001000000000
305,0x00000000000,0x00000000000,0x028000e8b,0x00000000,0x17b78002,0,0,0000000000000000000000a0003a2c000000017b780020
306,0x00000000000,0x00000000000,0x028200eab,0x00000000,0x00000000,0,0,0000000000000000000000a0803aac0000000000000000
307,0x00000000000,0x00000000000,0x028400ecb,0x1b5b1b2b,0x00000000,0,0,0000000000000000000000a1003b2cdad8d95800000000
308,0x00000000000,0x00000000000,0x02a0010cb,0x02622202,0x00000000,0,0,0000000000000000000000a800432c1311101000000000
309,0x00000000000,0x00000000000,0x02a2010eb,0x59809962,0x00000000,0,0,0000000000000000000000a88043aecc04cb1000000000
310,0x00000000000,0x00000000000,0x02a40110b,0x1d3cfccb,0x00000000,0,0,0000000000000000000000a900442ce9e7e65800000000
311,0x00000000000,0x00000000000,0x02c00130b,0x00804062,0x00000000,0,0,0000000000000000000000b0004c2c0402031000000000
312,0x00000000000,0x00000000000,0x02c40134b,0x5ea0de81,0x00000000,0,0,0000000000000000000000b1004d2ef506f40800000000
313,0x00000000000,0x00000000000,0x02c20132b,0x04642402,0x00000000,0,0,0000000000000000000000b0804cac2321201000000000
314,0x00000000000,0x00000000000,0x02e00154b,0x5b60db4f,0x00000000,0,0,0000000000000000000000b800552edb06da7800000000
315,0x00000000000,0x00000000000,0x02e20156b,0x02824262,0x00000000,0,0,0000000000000000000000b88055ac1412131000000000
316,0x00000000000,0x00000000000,0x02e40158b,0x00000000,0x19b98002,0,0,0000000000000000000000b900562c000000019b980020
317,0x00000000000,0x00000000000,0x000000000,0x06662602,0x00000000,0,0,0000000000000000000000000000003331301000000000
318,0x00000000000,0x00000000000,0x000000000,0x1d5d1d2b,0x00000000,0,0,000000000000000000000000000000eae8e95800000000
319,0x00000000000,0x00000000000,0x043bea343,0x40a0c081,0x00000000,0,0,00000000000000000000010efa8d0e0506040800000000
320,0x00000000000,0x00000000000,0x043fea363,0x04844462,0x00000000,0,0,00000000000000000000010ffa8d8c2422231000000000
321,0x00000000000,0x00000000000,0x0443ea383,0x5b809b62,0x00000000,0,0,000000000000000000000110fa8e0edc04db1000000000
322,0x00000000000,0x00000000000,0x000000000,0x42a0c281,0x00000000,0,0,0000000000000000000000000000021506140800000000
323,0x00000000000,0x00000000000,0x000000000,0x08682802,0x00000000,0,0,0000000000000000000000000000004341401000000000
324,0x00000000000,0x00000000000,0x000000000,0x57c0b7b1,0x00000000,0,0,000000000000000000000000000002be05bd8800000000
325,0x00000000000,0x00000000000,0x000000000,0x5d60dd4f,0x00000000,0,0,000000000000000000000000000002eb06ea7800000000
326,0x00000000000,0x00000000000,0x023c003ae,0x06864662,0x00000000,0,0,00000000000000000000008f000eb83432331000000000
327,0x00000000000,0x00000000000,0x0240003ee,0x44a0c481,0x00000000,0,0,000000000000000000000090000fba2506240800000000
328,0x00000000000,0x00000000000,0x02440042e,0x00000000,0x1bbb8002,0,0,0000000000000000000000910010b800000001bbb80020
329,0x00000000000,0x00000000000,0x045e0a583,0x00000000,0x00000000,0,0,00000000000000000000011782960c0000000000000000
330,0x00000000000,0x00000000000,0x04620a5a3,0x08884862,0x00000000,0,0,00000000000000000000011882968c4442431000000000
331,0x00000000000,0x00000000000,0x04660a5c3,0x00000000,0x17f7c003,0,0,00000000000000000000011982970c000000017f7c0030
332,0x00000000000,0x00000000000,0x04822a7c3,0x5d809d62,0x00000000,0,0,0000000000000000000001208a9f0eec04eb1000000000
333,0x00000000000,0x00000000000,0x03ec003cd,0x46a0c681,0x00000000,0,0,0000000000000000000000fb000f363506340800000000
334,0x00000000000,0x00000000000,0x03ee0040d,0x0a6a2a02,0x00000000,0,0,0000000000000000000000fb8010345351501000000000
335,0x00000000000,0x00000000000,0x03f00044d,0x59c0b9b1,0x00000000,0,0,0000000000000000000000fc001136ce05cd8800000000
336,0x00000000000,0x00000000000,0x0260005ee,0x0c6c2c02,0x00000000,0,0,0000000000000000000000980017b86361601000000000
337,0x00000000000,0x00000000000,0x02640062e,0x48a0c881,0x00000000,0,0,0000000000000000000000990018ba4506440800000000
338,0x00000000000,0x00000000000,0x02680066e,0x0e6e2e02,0x00000000,0,0,00000000000000000000009a0019b87371701000000000
339,0x00000000000,0x00000000000,0x02840082e,0x00000000,0x1dbd8002,0,0,0000000000000000000000a10020b800000001dbd80020
340,0x00000000000,0x00000000000,0x04862a7e3,0x00000000,0x00000000,0,0,0000000000000000000001218a9f8c0000000000000000
341,0x00000000000,0x00000000000,0x048a2a803,0x0a8a4a62,0x00000000,0,0,0000000000000000000001228aa00c5452531000000000
342,0x00000000000,0x00000000000,0x04a64aa03,0x00000000,0x19f9c003,0,0,00000000000000000000012992a80c000000019f9c0030
343,0x00000000000,0x00000000000,0x020c0060d,0x0c8c4c62,0x00000000,0,0,0000000000000000000000830018346462631000000000
344,0x00000000000,0x00000000000,0x020e0064d,0x00000000,0x00000000,0,0,0000000000000000000000838019340000000000000000
345,0x00000000000,0x00000000000,0x02100068d,0x0e8e4e62,0x00000000,0,0,000000000000000000000084001a347472731000000000
346,0x00000000000,0x00000000000,0x022c0084d,0x1f3efecb,0x00000000,0,0,00000000000000000000008b002134f9f7f65800000000
347,0x00000000000,0x00000000000,0x02880086e,0x5bc0bbb1,0x00000000,0,0,0000000000000000000000a20021bade05dd8800000000
348,0x00000000000,0x00000000000,0x028c008ae,0x4aa0ca81,0x00000000,0,0,0000000000000000000000a30022ba5506540800000000
349,0x00000000000,0x00000000000,0x02a800a6e,0x00000000,0x00000000,0,0,0000000000000000000000aa0029b80000000000000000
350,0x00000000000,0x00000000000,0x05ab7f9e1,0x4ca0cc81,0x00000000,0,0,00000000000000000000016adfe7866506640800000000
351,0x00000000000,0x00000000000,0x05b17fa21,0x00000000,0x00000000,0,0,00000000000000000000016c5fe8840000000000000000
352,0x00000000000,0x00000000000,0x05b77fa61,0x4ea0ce81,0x00000000,0,0,00000000000000000000016ddfe9867506740800000000
353,0x00000000000,0x00000000000,0x000000000,0x1f5f1f2b,0x00000000,0,0,000000000000000000000000000000faf8f95800000000
354,0x00000000000,0x00000000000,0x022e0088d,0x00000000,0x1bfbc003,0,0,00000000000000000000008b80223400000001bfbc0030
355,0x00000000000,0x00000000000,0x0230008cd,0x00000000,0x00000000,0,0,00000000000000000000008c0023340000000000000000
356,0x00000000000,0x00000000000,0x024c00a8d,0x0120e0cb,0x00000000,0,0,000000000000000000000093002a340907065800000000
357,0x00000000000,0x00000000000,0x01ac01aa1,0x00000000,0x00000000,0,0,00000000000000000000006b006a840000000000000000
358,0x00000000000,0x00000000000,0x01b205b01,0x5dc0bdb1,0x00000000,0,0,00000000000000000000006c816c06ee05ed8800000000
359,0x00000000000,0x00000000000,0x01b809b61,0x00000000,0x00000000,0,0,00000000000000000000006e026d840000000000000000
360,0x00000000000,0x00000000000,0x04aa4aa23,0x5f60df4f,0x00000000,0,0,00000000000000000000012a92a88efb06fa7800000000
361,0x00000000000,0x00000000000,0x05cf9fc21,0x00000000,0x00000000,0,0,000000000000000000000173e7f0840000000000000000
362,0x00000000000,0x00000000000,0x05d59fc61,0x00000000,0x00000000,0,0,00000000000000000000017567f1840000000000000000
363,0x00000000000,0x00000000000,0x05db9fca1,0x0141012b,0x00000000,0,0,000000000000000000000176e7f2840a08095800000000
364,0x00000000000,0x00000000000,0x01ae03ac2,0x00000000,0x00000000,0,0,00000000000000000000006b80eb080000000000000000
365,0x00000000000,0x00000000000,0x01b407b22,0x00000000,0x1dfdc003,0,0,00000000000000000000006d01ec8800000001dfdc0030
366,0x00000000000,0x00000000000,0x01ba0bb82,0x0322e2cb,0x00000000,0,0,00000000000000000000006e82ee081917165800000000
367,0x00000000000,0x00000000000,0x02ac00aae,0x5f809f62,0x00000000,0,0,0000000000000000000000ab002abafc04fb1000000000
368,0x00000000000,0x00000000000,0x01d001ce1,0x00000000,0x00000000,0,0,0000000000000000000000740073840000000000000000
369,0x00000000000,0x00000000000,0x01d605d41,0x00000000,0x00000000,0,0,0000000000000000000000758175040000000000000000
370,0x00000000000,0x00000000000,0x000000000,0x4160c14f,0x00000000,0,0,0000000000000000000000000000020b060a7800000000
371,0x00000000000,0x0000002135f,0x01dc09da1,0x00000000,0x00000000,0,0,00000000000000002135f0770276840000000000000000
372,0x00000000000,0x0000002236b,0x04ce6ac63,0x00000000,0x00000000,0,0,00000000000000002236b1339ab18c0000000000000000
373,0x0000004e2f3,0x00000023377,0x05f3bfe61,0x0343032b,0x00000000,0,0,00000138bcc000002337717ceff9841a18195800000000
374,0x0000004f2f7,0x00000000000,0x05f9bfea1,0x00000000,0x1fbf8002,0,0,0000013cbdc000000000017e6ffa8400000001fbf80020
375,0x00000000000,0x00000000000,0x01d203d02,0x00000000,0x00000000,0,0,00000000000000000000007480f4080000000000000000
376,0x000000502fb,0x00000000000,0x05ffbfee1,0x00000000,0x00000000,0,0,00000140bec000000000017feffb840000000000000000
377,0x00000000000,0x00000000000,0x01d807d62,0x41808162,0x00000000,0,0,00000000000000000000007601f58a0c040b1000000000
378,0x00000000000,0x00000000000,0x024e00acd,0x00000000,0x00000000,0,0,000000000000000000000093802b340000000000000000
379,0x00000000000,0x00000000000,0x01de0bdc2,0x00000000,0x00000000,0,0,00000000000000000000007782f7080000000000000000
380,0x00000000000,0x00000000000,0x01f401f21,0x4360c34f,0x00000000,0,0,00000000000000000000007d007c861b061a7800000000
381,0x00000000000,0x00000000000,0x01fa05f81,0x00000000,0x00000000,0,0,00000000000000000000007e817e040000000000000000
382,0x00000000000,0x000000243a7,0x04ae4aa43,0x00000000,0x00000000,0,0,0000000000000000243a712b92a90c0000000000000000
383,0x00000000000,0x00000000000,0x000c09fe1,0x00000000,0x00000000,0,0,000000000000000000000003027f840000000000000000
384,0x00000000000,0x00000000000,0x0423de161,0x00000000,0x01a18002,0,0,000000000000000000000108f78584000000001a180020
385,0x00000000000,0x000000253b3,0x0429de1a1,0x00000000,0x00000000,0,0,0000000000000000253b310a7786840000000000000000
386,0x0000005133b,0x000000263bf,0x04ca6ac43,0x00000000,0x00000000,0,0,00000144cec00000263bf1329ab10c0000000000000000
387,0x0000005233f,0x00000000000,0x01f603f42,0x43808362,0x00000000,0,0,00000148cfc000000000007d80fd0a1c041b1000000000
388,0x00000053343,0x00000000000,0x01fc07fa2,0x00000000,0x00000000,0,0,0000014cd0c000000000007f01fe880000000000000000
389,0x00000000000,0x00000000000,0x042fde1e1,0x00000000,0x00000000,0,0,00000000000000000000010bf787840000000000000000
390,0x00000000000,0x00000000000,0x000e0a0c2,0x0524e4cb,0x00000000,0,0,0000000000000000000000038283082927265800000000
391,0x00000000000,0x00000000000,0x002400221,0x00000000,0x00000000,0,0,0000000000000000000000090008840000000000000000
392,0x00000000000,0x00000000000,0x002a04281,0x00000000,0x00000000,0,0,00000000000000000000000a810a040000000000000000
393,0x00000000000,0x00000000000,0x02b000aee,0x5fc0bfb1,0x00000000,0,0,0000000000000000000000ac002bbafe05fd8800000000
394,0x00000000000,0x000000273ef,0x02cc00cae,0x00000000,0x03a38002,0,0,0000000000000000273ef0b30032b8000000003a380020
395,0x00000000000,0x000000283fb,0x02d000cee,0x00000000,0x00000000,0,0,0000000000000000283fb0b40033b80000000000000000
396,0x00000000000,0x00000000000,0x0030082e1,0x00000000,0x00000000,0,0,00000000000000000000000c020b840000000000000000
397,0x00000055387,0x0000002901f,0x04d26ac83,0x00000000,0x00000000,0,0,00000154e1c000002901f1349ab20c0000000000000000
398,0x00000054383,0x00000000000,0x002602242,0x00000000,0x00000000,0,0,00000150e0c00000000000098089080000000000000000
399,0x0000005638b,0x00000000000,0x002c062a2,0x00000000,0x00000000,0,0,00000158e2c000000000000b018a880000000000000000
400,0x00000000000,0x00000000000,0x025000b0d,0x00000000,0x1fffc003,0,0,000000000000000000000094002c3400000001fffc0030
401,0x00000000000,0x00000000000,0x026c00ccd,0x00000000,0x00000000,0,0,00000000000000000000009b0033340000000000000000
402,0x00000000000,0x00000000000,0x026e00d0d,0x00000000,0x00000000,0,0,00000000000000000000009b8034340000000000000000
403,0x00000000000,0x00000000000,0x00320a302,0x41c0a1b1,0x00000000,0,0,00000000000000000000000c828c0a0e050d8800000000
404,0x00000000000,0x00000000000,0x02d400d2e,0x00000000,0x00000000,0,0,0000000000000000000000b50034b80000000000000000
405,0x00000000000,0x0000002a04f,0x04ee8ae83,0x00000000,0x00000000,0,0,00000000000000002a04f13ba2ba0c0000000000000000
406,0x00000000000,0x0000002b05b,0x04f28aea3,0x00000000,0x00000000,0,0,00000000000000002b05b13ca2ba8c0000000000000000
407,0x00000000000,0x00000000000,0x04f68aec3,0x00000000,0x00000000,0,0,00000000000000000000013da2bb0c0000000000000000
408,0x00000000000,0x00000000000,0x0512ab0c3,0x00000000,0x00000000,0,0,000000000000000000000144aac30c0000000000000000
409,0x00000000000,0x00000000000,0x0516ab0e3,0x00000000,0x00000000,0,0,000000000000000000000145aac38c0000000000000000
410,0x000000573cb,0x0000002c067,0x051aab103,0x00000000,0x01e1c003,0,0,0000015cf2c000002c067146aac40c000000001e1c0030
411,0x000000593d3,0x00000000000,0x027000d4d,0x00000000,0x00000000,0,0,00000164f4c000000000009c0035340000000000000000
412,0x000000583cf,0x00000000000,0x02f000eee,0x0545052b,0x00000000,0,0,00000160f3c00000000000bc003bb82a28295800000000
413,0x00000000000,0x00000000000,0x02f400f2e,0x43c0a3b1,0x00000000,0,0,0000000000000000000000bd003cba1e051d8800000000
414,0x00000000000,0x00000000000,0x02f800f6e,0x0726e6cb,0x00000000,0,0,0000000000000000000000be003db83937365800000000
415,0x00000000000,0x00000000000,0x03140112e,0x00000000,0x00000000,0,0,0000000000000000000000c50044b80000000000000000
416,0x00000000000,0x00000000000,0x03180116e,0x00000000,0x00000000,0,0,0000000000000000000000c60045b80000000000000000
417,0x00000000000,0x00000000000,0x031c011ae,0x00000000,0x00000000,0,0,0000000000000000000000c70046b80000000000000000
418,0x00000000000,0x00000000000,0x0536cb303,0x00000000,0x00000000,0,0,00000000000000000000014db2cc0c0000000000000000
419,0x00000000000,0x00000000000,0x0447fe3a1,0x4560c54f,0x00000000,0,0,000000000000000000000111ff8e862b062a7800000000
420,0x00000000000,0x00000000000,0x044dfe3e1,0x00000000,0x03e3c003,0,0,0000000000000000000001137f8f84000000003e3c0030
421,0x00000000000,0x00000000000,0x0453fe421,0x00000000,0x00000000,0,0,000000000000000000000114ff90840000000000000000
422,0x00000000000,0x00000000000,0x028c00f0d,0x00000000,0x00000000,0,0,0000000000000000000000a3003c340000000000000000
423,0x00000000000,0x00000000000,0x028e00f4d,0x0747072b,0x00000000,0,0,0000000000000000000000a3803d343a38395800000000
424,0x00000000000,0x00000000000,0x029000f8d,0x00000000,0x00000000,0,0,0000000000000000000000a4003e340000000000000000
425,0x00000000000,0x00000000000,0x02ac0114d,0x00000000,0x00000000,0,0,0000000000000000000000ab0045340000000000000000
426,0x00000000000,0x00000000000,0x004800461,0x45808562,0x00000000,0,0,0000000000000000000000120011862c042b1000000000
427,0x00000000000,0x00000000000,0x004e044c1,0x00000000,0x00000000,0,0,0000000000000000000000138113040000000000000000
428,0x00000000000,0x00000000000,0x02ae0118d,0x00000000,0x00000000,0,0,0000000000000000000000ab8046340000000000000000
429,0x00000000000,0x00000000000,0x005408521,0x00000000,0x00000000,0,0,0000000000000000000000150214840000000000000000
430,0x00000000000,0x00000000000,0x046a1e5e1,0x4760c74f,0x00000000,0,0,00000000000000000000011a8797863b063a7800000000
431,0x00000000000,0x00000000000,0x04701e621,0x00000000,0x00000000,0,0,00000000000000000000011c0798840000000000000000
432,0x00000000000,0x00000000000,0x04761e661,0x00000000,0x00000000,0,0,00000000000000000000011d8799840000000000000000
433,0x00000000000,0x00000000000,0x004a02482,0x00000000,0x05a58002,0,0,000000000000000000000012809208000000005a580020
434,0x00000000000,0x00000000000,0x02b0011cd,0x00000000,0x00000000,0,0,0000000000000000000000ac0047340000000000000000
435,0x00000000000,0x00000000000,0x0050064e2,0x0928e8cb,0x00000000,0,0,0000000000000000000000140193884947465800000000
436,0x00000000000,0x00000000000,0x03000178b,0x00000000,0x00000000,0,0,0000000000000000000000c0005e2c0000000000000000
437,0x00000000000,0x00000000000,0x00560a542,0x47808762,0x00000000,0,0,00000000000000000000001582950a3c043b1000000000
438,0x00000000000,0x00000000000,0x006c006a1,0x00000000,0x00000000,0,0,00000000000000000000001b001a840000000000000000
439,0x00000000000,0x00000000000,0x007204701,0x00000000,0x00000000,0,0,00000000000000000000001c811c040000000000000000
440,0x00000000000,0x0000002d097,0x007808761,0x0b2aeacb,0x00000000,0,0,00000000000000002d09701e021d845957565800000000
441,0x00000000000,0x00000000000,0x048e3e821,0x00000000,0x00000000,0,0,0000000000000000000001238fa0840000000000000000
442,0x00000000000,0x00000000000,0x04943e861,0x0949092b,0x00000000,0,0,0000000000000000000001250fa1844a48495800000000
443,0x00000000000,0x0000002e0a3,0x049a3e8a1,0x00000000,0x00000000,0,0,00000000000000002e0a31268fa2840000000000000000
444,0x0000005a02b,0x0000002f0af,0x053acb323,0x00000000,0x07a78002,0,0,000001680ac000002f0af14eb2cc8c000000007a780020
445,0x0000005c033,0x00000000000,0x006e026c2,0x00000000,0x00000000,0,0,000001700cc000000000001b809b080000000000000000
446,0x0000005b02f,0x00000000000,0x007406722,0x00000000,0x00000000,0,0,0000016c0bc000000000001d019c880000000000000000
447,0x00000000000,0x00000000000,0x007a0a782,0x0b4b0b2b,0x00000000,0,0,00000000000000000000001e829e085a58595800000000
448,0x00000000000,0x00000000000,0x0090008e1,0x00000000,0x00000000,0,0,0000000000000000000000240023840000000000000000
449,0x00000000000,0x00000000000,0x009604941,0x4960c94f,0x00000000,0,0,0000000000000000000000258125064b064a7800000000
450,0x00000000000,0x00000000000,0x0302017ab,0x00000000,0x00000000,0,0,0000000000000000000000c0805eac0000000000000000
451,0x00000000000,0x00000000000,0x009c089a1,0x00000000,0x00000000,0,0,0000000000000000000000270226840000000000000000
452,0x00000000000,0x000000300df,0x033c013ae,0x45c0a5b1,0x00000000,0,0,0000000000000000300df0cf004eba2e052d8800000000
453,0x00000000000,0x000000310eb,0x03380136e,0x00000000,0x00000000,0,0,0000000000000000310eb0ce004db80000000000000000
454,0x0000005d073,0x000000320f7,0x053ecb343,0x4b60cb4f,0x00000000,0,0,000001741cc00000320f714fb2cd0e5b065a7800000000
455,0x0000005e077,0x00000000000,0x009202902,0x00000000,0x00000000,0,0,000001781dc000000000002480a4080000000000000000
456,0x00000000000,0x00000000000,0x055aeb543,0x49808962,0x00000000,0,0,000000000000000000000156bad50e4c044b1000000000
457,0x0000005f07b,0x00000000000,0x009806962,0x00000000,0x00000000,0,0,0000017c1ec000000000002601a5880000000000000000
458,0x00000000000,0x00000000000,0x0304017cb,0x00000000,0x00000000,0,0,0000000000000000000000c1005f2c0000000000000000
459,0x00000000000,0x00000000000,0x009e0a9c2,0x00000000,0x05e5c003,0,0,00000000000000000000002782a708000000005e5c0030
460,0x00000000000,0x00000000000,0x02cc0138d,0x00000000,0x00000000,0,0,0000000000000000000000b3004e340000000000000000
461,0x00000000000,0x00000000000,0x02ce013cd,0x4b808b62,0x00000000,0,0,0000000000000000000000b3804f365c045b1000000000
462,0x00000000000,0x00000033127,0x0340013ee,0x10703002,0x00000000,0,0,0000000000000000331270d0004fb88381801000000000
463,0x00000000000,0x00000000000,0x035c015ae,0x00000000,0x09a98002,0,0,0000000000000000000000d70056b8000000009a980020
464,0x00000000000,0x00000000000,0x0320019cb,0x47c0a7b1,0x00000000,0,0,0000000000000000000000c800672e3e053d8800000000
465,0x00000000000,0x00000034133,0x055eeb563,0x00000000,0x00000000,0,0,000000000000000034133157bad58c0000000000000000
466,0x000000600bb,0x0000003513f,0x0562eb583,0x00000000,0x00000000,0,0,000001802ec000003513f158bad60c0000000000000000
467,0x000000610bf,0x00000000000,0x0322019eb,0x00000000,0x00000000,0,0,000001842fc00000000000c88067ac0000000000000000
468,0x000000620c3,0x00000000000,0x032401a0b,0x00000000,0x0bab8002,0,0,0000018830c00000000000c900682c00000000bab80020
469,0x00000000000,0x00000000000,0x02d00140d,0x00000000,0x00000000,0,0,0000000000000000000000b40050340000000000000000
470,0x00000000000,0x00000000000,0x02ec015cd,0x10905062,0x00000000,0,0,0000000000000000000000bb0057348482831000000000
471,0x00000000000,0x00000000000,0x034001c0b,0x00000000,0x07e7c003,0,0,0000000000000000000000d000702c000000007e7c0030
472,0x00000000000,0x00000000000,0x0360015ee,0x00000000,0x00000000,0,0,0000000000000000000000d80057b80000000000000000
473,0x00000000000,0x00000000000,0x03640162e,0x0d2ceccb,0x00000000,0,0,0000000000000000000000d90058b86967665800000000
474,0x00000000000,0x00000000000,0x034201c2b,0x00000000,0x00000000,0,0,0000000000000000000000d08070ac0000000000000000
475,0x00000000000,0x00000000000,0x034401c4b,0x00000000,0x00000000,0,0,0000000000000000000000d100712c0000000000000000
476,0x00000000000,0x00000000000,0x036001e4b,0x00000000,0x00000000,0,0,0000000000000000000000d800792c0000000000000000
477,0x00000000000,0x00000000000,0x036201e6b,0x50a0d081,0x00000000,0,0,0000000000000000000000d88079ae8506840800000000
478,0x00000000000,0x00000000000,0x04b25ea61,0x00000000,0x00000000,0,0,00000000000000000000012c97a9840000000000000000
479,0x00000000000,0x00000000000,0x04b85eaa1,0x12723202,0x00000000,0,0,00000000000000000000012e17aa849391901000000000
480,0x00000000000,0x00000000000,0x04be5eae1,0x00000000,0x00000000,0,0,00000000000000000000012f97ab840000000000000000
481,0x00000000000,0x00000000000,0x02ee0160d,0x0d4d0d2b,0x00000000,0,0,0000000000000000000000bb8058346a68695800000000
482,0x00000000000,0x00000000000,0x02f00164d,0x49c0a9b1,0x00000000,0,0,0000000000000000000000bc0059364e054d8800000000
483,0x00000000000,0x00000000000,0x036401e8b,0x00000000,0x00000000,0,0,0000000000000000000000d9007a2c0000000000000000
484,0x00000000000,0x00000000000,0x057f0b783,0x00000000,0x00000000,0,0,00000000000000000000015fc2de0c0000000000000000
485,0x00000000000,0x00000000000,0x00b400b21,0x00000000,0x00000000,0,0,00000000000000000000002d002c840000000000000000
486,0x00000000000,0x00000000000,0x00ba04b81,0x12925262,0x00000000,0,0,00000000000000000000002e812e049492931000000000
487,0x00000000000,0x00000000000,0x00c008be1,0x4bc0abb1,0x00000000,0,0,000000000000000000000030022f865e055d8800000000
488,0x00000000000,0x00000000000,0x05830b7a3,0x4d60cd4f,0x00000000,0,0,000000000000000000000160c2de8e6b066a7800000000
489,0x00000000000,0x00000000000,0x05870b7c3,0x00000000,0x09e9c003,0,0,000000000000000000000161c2df0c000000009e9c0030
490,0x00000000000,0x00000000000,0x04d67eca1,0x14743402,0x00000000,0,0,0000000000000000000001359fb284a3a1a01000000000
491,0x00000000000,0x00000000000,0x04dc7ece1,0x16763602,0x00000000,0,0,0000000000000000000001371fb384b3b1b01000000000
492,0x00000000000,0x00000000000,0x00b602b42,0x00000000,0x00000000,0,0,00000000000000000000002d80ad080000000000000000
493,0x00000000000,0x00000000000,0x00bc06ba2,0x0f2eeecb,0x00000000,0,0,00000000000000000000002f01ae887977765800000000
494,0x00000000000,0x00000000000,0x00c20ac02,0x52a0d281,0x0bebc003,0,0,00000000000000000000003082b00a95069408bebc0030
495,0x00000000000,0x00000000000,0x04e27ed21,0x00000000,0x00000000,0,0,0000000000000000000001389fb4840000000000000000
496,0x00000000000,0x00000000000,0x0380017ee,0x4d808d62,0x00000000,0,0,0000000000000000000000e0005fba6c046b1000000000
497,0x00000000000,0x00000000000,0x00d800d61,0x14945462,0x00000000,0,0,000000000000000000000036003584a4a2a31000000000
498,0x00000000000,0x00000000000,0x00de04dc1,0x16965662,0x00000000,0,0,000000000000000000000037813704b4b2b31000000000
499,0x00000000000,0x0000003616f,0x03840018b,0x00000000,0x00000000,0,0,00000000000000003616f0e100062c0000000000000000
500,0x00000000000,0x0000003717b,0x03840182e,0x0f4f0f2b,0x00000000,0,0,00000000000000003717b0e10060b87a78795800000000
501,0x00000064107,0x00000038187,0x03880186e,0x00000000,0x00000000,0,0,0000019041c00000381870e20061b80000000000000000
502,0x00000063103,0x00000000000,0x00e408e21,0x00000000,0x00000000,0,0,0000018c40c00000000000390238840000000000000000
503,0x0000006510b,0x00000000000,0x030c0180d,0x00000000,0x0dad8002,0,0,0000019442c00000000000c300603400000000dad80020
504,0x00000000000,0x00000000000,0x00da02d82,0x54a0d481,0x00000000,0,0,00000000000000000000003680b60aa506a40800000000
505,0x00000000000,0x00000000000,0x05a32b9c3,0x56a0d681,0x00000000,0,0,000000000000000000000168cae70eb506b40800000000
506,0x00000000000,0x00000000000,0x00e006de2,0x00000000,0x00000000,0,0,00000000000000000000003801b7880000000000000000
507,0x00000000000,0x00000000000,0x030e0184d,0x4f60cf4f,0x00000000,0,0,0000000000000000000000c38061367b067a7800000000
508,0x00000000000,0x00000000000,0x04fa9eee1,0x00000000,0x00000000,0,0,00000000000000000000013ea7bb840000000000000000
509,0x00000000000,0x00000000000,0x00e60ae42,0x00000000,0x00000000,0,0,00000000000000000000003982b9080000000000000000
510,0x00000000000,0x00000000000,0x05009ef21,0x00000000,0x00000000,0,0,00000000000000000000014027bc840000000000000000
511,0x00000000000,0x000000391b7,0x05069ef61,0x00000000,0x00000000,0,0,0000000000000000391b7141a7bd840000000000000000
512,0x00000000000,0x00000000000,0x03100188d,0x00000000,0x00000000,0,0,0000000000000000000000c40062340000000000000000
513,0x00000000000,0x00000000000,0x051ebf121,0x00000000,0x00000000,0,0,000000000000000000000147afc4840000000000000000
514,0x00000000000,0x0000003a1c3,0x0524bf161,0x00000000,0x00000000,0,0,00000000000000003a1c31492fc5840000000000000000
515,0x00000000000,0x00000000000,0x00fc00fa1,0x4f808f62,0x00000000,0,0,00000000000000000000003f003e867c047b1000000000
516,0x00000000000,0x0000003b1cf,0x052abf1a1,0x00000000,0x00000000,0,0,00000000000000003b1cf14aafc6840000000000000000
517,0x00000000000,0x00000000000,0x010205001,0x00000000,0x00000000,0,0,0000000000000000000000408140040000000000000000
518,0x00000000000,0x00000000000,0x010809061,0x00000000,0x00000000,0,0,0000000000000000000000420241840000000000000000
519,0x00000000000,0x00000000000,0x03a401a2e,0x1130f0cb,0x00000000,0,0,0000000000000000000000e90068b88987865800000000
520,0x00000000000,0x00000000000,0x0120011e1,0x00000000,0x00000000,0,0,0000000000000000000000480047840000000000000000
521,0x00000000000,0x00000000000,0x012605241,0x00000000,0x00000000,0,0,0000000000000000000000498149040000000000000000
522,0x00000000000,0x00000000000,0x03820016b,0x4dc0adb1,0x0faf8002,0,0,0000000000000000000000e08005ae6e056d88faf80020
523,0x00000000000,0x00000000000,0x00fe02fc2,0x00000000,0x00000000,0,0,00000000000000000000003f80bf080000000000000000
524,0x00000000000,0x00000000000,0x010407022,0x00000000,0x00000000,0,0,00000000000000000000004101c0880000000000000000
525,0x00000000000,0x00000000000,0x010a0b082,0x00000000,0x00000000,0,0,00000000000000000000004282c2080000000000000000
526,0x00000000000,0x00000000000,0x012c092a1,0x1151112b,0x00000000,0,0,00000000000000000000004b024a848a88895800000000
527,0x00000000000,0x00000000000,0x012203202,0x00000000,0x00000000,0,0,00000000000000000000004880c8080000000000000000
528,0x00000000000,0x00000000000,0x032c01a4d,0x00000000,0x00000000,0,0,0000000000000000000000cb0069340000000000000000
529,0x00000000000,0x00000000000,0x012807262,0x00000000,0x0dedc003,0,0,00000000000000000000004a01c98800000000dedc0030
530,0x00000000000,0x00000000000,0x03800014b,0x00000000,0x00000000,0,0,0000000000000000000000e000052c0000000000000000
531,0x00000000000,0x0000003c1ff,0x05ab2ba03,0x00000000,0x00000000,0,0,00000000000000003c1ff16acae80c0000000000000000
532,0x00000000000,0x0000003d20b,0x05a72b9e3,0x00000000,0x00000000,0,0,00000000000000003d20b169cae78c0000000000000000
533,0x00000000000,0x0000003e217,0x05c74bc03,0x5160d14f,0x00000000,0,0,00000000000000003e217171d2f00e8b068a7800000000
534,0x00000000000,0x0000003f247,0x05cf4bc43,0x00000000,0x00000000,0,0,00000000000000003f247173d2f10c0000000000000000
535,0x00000000000,0x00000000000,0x012e0b2c2,0x00000000,0x00000000,0,0,00000000000000000000004b82cb080000000000000000
536,0x00000000000,0x00000000000,0x05cb4bc23,0x00000000,0x00000000,0,0,000000000000000000000172d2f08c0000000000000000
537,0x00000000000,0x00000040253,0x05eb6be43,0x00000000,0x00000000,0,0,00000000000000004025317adaf90c0000000000000000
538,0x00000000000,0x00000000000,0x03ac01aae,0x00000000,0x00000000,0,0,0000000000000000000000eb006ab80000000000000000
539,0x00000000000,0x00000000000,0x03a801a6e,0x00000000,0x00000000,0,0,0000000000000000000000ea0069b80000000000000000
540,0x00000000000,0x00000000000,0x03c801c6e,0x51809162,0x00000000,0,0,0000000000000000000000f20071ba8c048b1000000000
541,0x00000000000,0x00000000000,0x03d001cee,0x4fc0afb1,0x00000000,0,0,0000000000000000000000f40073ba7e057d8800000000
542,0x00000000000,0x0000004125f,0x05f36be83,0x00000000,0x00000000,0,0,00000000000000004125f17cdafa0c0000000000000000
543,0x00000000000,0x00000000000,0x03cc01cae,0x18783802,0x00000000,0,0,0000000000000000000000f30072b8c3c1c01000000000
544,0x00000000000,0x00000000000,0x03ec01eae,0x00000000,0x00000000,0,0,0000000000000000000000fb007ab80000000000000000
545,0x00000000000,0x00000000000,0x033001acd,0x00000000,0x00000000,0,0,0000000000000000000000cc006b340000000000000000
546,0x00000000000,0x00000000000,0x032e01a8d,0x00000000,0x00000000,0,0,0000000000000000000000cb806a340000000000000000
547,0x00000000000,0x00000000000,0x034c01c8d,0x00000000,0x11b18002,0,0,0000000000000000000000d3007234000000011b180020
548,0x00000000000,0x00000000000,0x0542df361,0x00000000,0x0fefc003,0,0,000000000000000000000150b7cd8400000000fefc0030
549,0x00000000000,0x00000000000,0x0548df3a1,0x00000000,0x00000000,0,0,00000000000000000000015237ce840000000000000000
550,0x00000000000,0x00000000000,0x054edf3e1,0x00000000,0x00000000,0,0,000000000000000000000153b7cf840000000000000000
551,0x00000000000,0x00000000000,0x034e01ccd,0x18985862,0x00000000,0,0,0000000000000000000000d3807334c4c2c31000000000
552,0x00000000000,0x00000000000,0x035001d0d,0x00000000,0x00000000,0,0,0000000000000000000000d40074340000000000000000
553,0x00000000000,0x00000000000,0x036c01ecd,0x00000000,0x00000000,0,0,0000000000000000000000db007b340000000000000000
554,0x00000000000,0x00000000000,0x05ef6be63,0x00000000,0x00000000,0,0,00000000000000000000017bdaf98c0000000000000000
555,0x00000000000,0x00000000000,0x014401421,0x00000000,0x00000000,0,0,0000000000000000000000510050840000000000000000
556,0x00000000000,0x00000000000,0x014a05481,0x00000000,0x00000000,0,0,0000000000000000000000528152040000000000000000
557,0x00000000000,0x00000000000,0x0150094e1,0x00000000,0x00000000,0,0,0000000000000000000000540253840000000000000000
558,0x00000000000,0x00000000000,0x03f401f2e,0x1332f2cb,0x00000000,0,0,0000000000000000000000fd007cb89997965800000000
559,0x00000000000,0x00000000000,0x03a00038b,0x00000000,0x00000000,0,0,0000000000000000000000e8000e2c0000000000000000
560,0x00000000000,0x00000000000,0x03a2003ab,0x58a0d881,0x00000000,0,0,0000000000000000000000e8800eaec506c40800000000
561,0x00000000000,0x00000000000,0x03f001eee,0x00000000,0x00000000,0,0,0000000000000000000000fc007bb80000000000000000
562,0x00000000000,0x00000000000,0x014603442,0x00000000,0x00000000,0,0,00000000000000000000005180d1080000000000000000
563,0x00000000000,0x00000000000,0x014c074a2,0x1534f4cb,0x00000000,0,0,00000000000000000000005301d288a9a7a65800000000
564,0x00000000000,0x00000000000,0x01520b502,0x00000000,0x00000000,0,0,00000000000000000000005482d4080000000000000000
565,0x00000000000,0x00000000000,0x037001f4d,0x1353132b,0x00000000,0,0,0000000000000000000000dc007d349a98995800000000
566,0x00000000000,0x00000000000,0x03a4003cb,0x51c0b1b1,0x00000000,0,0,0000000000000000000000e9000f2e8e058d8800000000
567,0x00000000000,0x00000000000,0x0566ff5a1,0x00000000,0x00000000,0,0,000000000000000000000159bfd6840000000000000000
568,0x00000000000,0x00000000000,0x056cff5e1,0x00000000,0x00000000,0,0,00000000000000000000015b3fd7840000000000000000
569,0x00000000000,0x0000004228f,0x0572ff621,0x00000000,0x00000000,0,0,00000000000000004228f15cbfd8840000000000000000
570,0x00000000000,0x0000004329b,0x036e01f0d,0x1555152b,0x00000000,0,0,00000000000000004329b0db807c34aaa8a95800000000
571,0x00000000000,0x000000442a7,0x041b8a143,0x00000000,0x00000000,0,0,0000000000000000442a7106e2850c0000000000000000
572,0x00000000000,0x00000000000,0x041f8a163,0x5360d34f,0x00000000,0,0,000000000000000000000107e2858e9b069a7800000000
573,0x00000000000,0x00000000000,0x04238a183,0x00000000,0x11f1c003,0,0,000000000000000000000108e2860c000000011f1c0030
574,0x00000000000,0x00000000000,0x016801661,0x1a7a3a02,0x00000000,0,0,00000000000000000000005a005984d3d1d01000000000
575,0x00000000000,0x00000000000,0x016e056c1,0x00000000,0x00000000,0,0,00000000000000000000005b815b040000000000000000
576,0x00000000000,0x00000000000,0x03c2005eb,0x00000000,0x00000000,0,0,0000000000000000000000f08017ac0000000000000000
577,0x00000000000,0x00000000000,0x017409721,0x5560d54f,0x00000000,0,0,00000000000000000000005d025c86ab06aa7800000000
578,0x00000000000,0x00000000000,0x021c001ae,0x00000000,0x00000000,0,0,0000000000000000000000870006b80000000000000000
579,0x00000000000,0x00000000000,0x0220001ee,0x53809362,0x00000000,0,0,0000000000000000000000880007ba9c049b1000000000
580,0x00000000000,0x00000000000,0x02240022e,0x00000000,0x00000000,0,0,0000000000000000000000890008b80000000000000000
581,0x00000000000,0x00000000000,0x016a03682,0x1a9a5a62,0x00000000,0,0,00000000000000000000005a80da08d4d2d31000000000
582,0x00000000000,0x00000000000,0x03c0005cb,0x1736f6cb,0x00000000,0,0,0000000000000000000000f000172cb9b7b65800000000
583,0x00000000000,0x00000000000,0x0170076e2,0x00000000,0x00000000,0,0,00000000000000000000005c01db880000000000000000
584,0x00000000000,0x00000000000,0x03c40060b,0x55809562,0x00000000,0,0,0000000000000000000000f100182eac04ab1000000000
585,0x00000000000,0x00000000000,0x01760b742,0x00000000,0x00000000,0,0,00000000000000000000005d82dd080000000000000000
586,0x00000000000,0x00000000000,0x038c001cd,0x00000000,0x13b38002,0,0,0000000000000000000000e3000734000000013b380020
587,0x00000000000,0x00000000000,0x038e0020d,0x00000000,0x00000000,0,0,0000000000000000000000e38008340000000000000000
588,0x00000000000,0x000000452d7,0x03900024d,0x5aa0da81,0x00000000,0,0,0000000000000000452d70e4000936d506d40800000000
589,0x00000000000,0x00000000000,0x03e00080b,0x00000000,0x00000000,0,0,0000000000000000000000f800202c0000000000000000
590,0x00000000000,0x00000000000,0x03e20082b,0x1757172b,0x00000000,0,0,0000000000000000000000f88020acbab8b95800000000
591,0x00000000000,0x000000462e3,0x03e40084b,0x00000000,0x15b58002,0,0,0000000000000000462e30f900212c000000015b580020
592,0x00000000000,0x000000472ef,0x05911f821,0x00000000,0x00000000,0,0,0000000000000000472ef16447e0840000000000000000
593,0x00000000000,0x00000000000,0x058b1f7e1,0x00000000,0x00000000,0,0,000000000000000000000162c7df840000000000000000
594,0x00000000000,0x00000000000,0x05971f861,0x1c7c3c02,0x00000000,0,0,000000000000000000000165c7e184e3e1e01000000000
595,0x00000000000,0x00000000000,0x043faa383,0x00000000,0x00000000,0,0,00000000000000000000010fea8e0c0000000000000000
596,0x00000000000,0x00000000000,0x0443aa3a3,0x00000000,0x00000000,0,0,000000000000000000000110ea8e8c0000000000000000
597,0x00000000000,0x00000000000,0x0447aa3c3,0x5760d74f,0x00000000,0,0,000000000000000000000111ea8f0ebb06ba7800000000
598,0x00000000000,0x00000000000,0x000000000,0x00000000,0x00000000,0,0,0000000000000000000000000000000000000000000000
599,0x00000000000,0x00000000000,0x019205901,0x1938f8cb,0x00000000,0,0,000000000000000000000064816404c9c7c65800000000
600,0x00000000000,0x00000000000,0x018c018a1,0x00000000,0x00000000,0,0,0000000000000000000000630062840000000000000000
601,0x00000000000,0x00000000000,0x019809961,0x1c9c5c62,0x00000000,0,0,000000000000000000000066026584e4e2e31000000000
602,0x00000000000,0x00000000000,0x0240003ee,0x1e7e3e02,0x00000000,0,0,000000000000000000000090000fb8f3f1f01000000000
603,0x00000000000,0x00000000000,0x02440042e,0x00000000,0x00000000,0,0,0000000000000000000000910010b80000000000000000
604,0x00000000000,0x00000000000,0x02480046e,0x57809762,0x00000000,0,0,0000000000000000000000920011babc04bb1000000000
605,0x00000000000,0x00000000000,0x000000000,0x53c0b3b1,0x00000000,0,0,0000000000000000000000000000029e059d8800000000
606,0x00000000000,0x00000000000,0x019407922,0x1959192b,0x00000000,0,0,00000000000000000000006501e488cac8c95800000000
607,0x00000000000,0x00000000000,0x018e038c2,0x00000000,0x00000000,0,0,00000000000000000000006380e3080000000000000000
608,0x00000000000,0x00000000000,0x019a0b982,0x5ca0dc81,0x00000000,0,0,00000000000000000000006682e60ae506e40800000000
609,0x00000000000,0x00000000000,0x03ac0040d,0x1e9e5e62,0x00000000,0,0,0000000000000000000000eb001034f4f2f31000000000
610,0x00000000000,0x00000000000,0x03ae0044d,0x55c0b5b1,0x00000000,0,0,0000000000000000000000eb801136ae05ad8800000000
611,0x00000000000,0x00000000000,0x03b00048d,0x00000000,0x17b78002,0,0,0000000000000000000000ec001234000000017b780020
612,0x00000000000,0x00000000000,0x000000000,0x00000000,0x13f3c003,0,0,000000000000000000000000000000000000013f3c0030
613,0x00000000000,0x0000004932b,0x000000000,0x5960d94f,0x00000000,0,0,00000000000000004932b000000002cb06ca7800000000
614,0x00000000000,0x0000004831f,0x000000000,0x00000000,0x00000000,0,0,00000000000000004831f0000000000000000000000000
615,0x00000000000,0x0000004a337,0x0463ca5c3,0x00000000,0x00000000,0,0,00000000000000004a337118f2970c0000000000000000
616,0x00000000000,0x00000000000,0x0467ca5e3,0x5ea0de81,0x00000000,0,0,000000000000000000000119f2978ef506f40800000000
617,0x00000000000,0x00000000000,0x046bca603,0x00000000,0x15f5c003,0,0,00000000000000000000011af2980c000000015f5c0030
618,0x00000000000,0x00000000000,0x000000000,0x00000000,0x00000000,0,0,0000000000000000000000000000000000000000000000
619,0x00000000000,0x00000000000,0x000000000,0x00000000,0x00000000,0,0,0000000000000000000000000000000000000000000000
620,0x00000000000,0x00000000000,0x000000000,0x59809962,0x00000000,0,0,000000000000000000000000000002cc04cb1000000000
621,0x00000000000,0x00000000000,0x000000000,0x00000000,0x00000000,0,0,0000000000000000000000000000000000000000000000
622,0x00000000000,0x00000000000,0x02640062e,0x1b3afacb,0x00000000,0,0,0000000000000000000000990018b8d9d7d65800000000
623,0x00000000000,0x00000000000,0x02680066e,0x00000000,0x00000000,0,0,00000000000000000000009a0019b80000000000000000
624,0x00000000000,0x00000000000,0x026c006ae,0x00000000,0x00000000,0,0,00000000000000000000009b001ab80000000000000000
625,0x00000000000,0x00000000000,0x0487ea803,0x00000000,0x00000000,0,0,000000000000000000000121faa00c0000000000000000
626,0x00000000000,0x00000000000,0x048bea823,0x00000000,0x00000000,0,0,000000000000000000000122faa08c0000000000000000
627,0x00000000000,0x00000000000,0x048fea843,0x00000000,0x19b98002,0,0,000000000000000000000123faa10c000000019b980020
628,0x00000000000,0x00000000000,0x000000000,0x00000000,0x00000000,0,0,0000000000000000000000000000000000000000000000
629,0x00000000000,0x00000000000,0x03cc0064d,0x1b5b1b2b,0x00000000,0,0,0000000000000000000000f3001934dad8d95800000000
630,0x00000000000,0x00000000000,0x03ce0068d,0x57c0b7b1,0x00000000,0,0,0000000000000000000000f3801a36be05bd8800000000
631,0x00000000000,0x00000000000,0x05af3fa21,0x00000000,0x00000000,0,0,00000000000000000000016bcfe8840000000000000000
632,0x00000000000,0x00000000000,0x05b53fa61,0x00000000,0x00000000,0,0,00000000000000000000016d4fe9840000000000000000
633,0x00000000000,0x00000000000,0x05bb3faa1,0x00000000,0x00000000,0,0,00000000000000000000016ecfea840000000000000000
634,0x00000000000,0x00000000000,0x03d0006cd,0x00000000,0x00000000,0,0,0000000000000000000000f4001b340000000000000000
635,0x00000000000,0x00000000000,0x02880086e,0x00000000,0x00000000,0,0,0000000000000000000000a20021b80000000000000000
636,0x00000000000,0x00000000000,0x05d35fc61,0x5b60db4f,0x00000000,0,0,000000000000000000000174d7f186db06da7800000000
637,0x00000000000,0x00000000000,0x05d95fca1,0x00000000,0x17f7c003,0,0,00000000000000000000017657f284000000017f7c0030
638,0x00000000000,0x00000000000,0x01b001ae1,0x00000000,0x00000000,0,0,00000000000000000000006c006b840000000000000000
639,0x00000000000,0x00000000000,0x01b605b41,0x00000000,0x00000000,0,0,00000000000000000000006d816d040000000000000000
640,0x00000000000,0x00000000000,0x000000000,0x00000000,0x00000000,0,0,0000000000000000000000000000000000000000000000
641,0x00000000000,0x00000000000,0x01bc09ba1,0x00000000,0x00000000,0,0,00000000000000000000006f026e840000000000000000
642,0x00000000000,0x00000000000,0x05df5fce1,0x00000000,0x00000000,0,0,000000000000000000000177d7f3840000000000000000
643,0x00000000000,0x00000000000,0x01d401d21,0x5b809b62,0x00000000,0,0,000000000000000000000075007486dc04db1000000000
644,0x00000000000,0x00000000000,0x01da05d81,0x1d3cfccb,0x00000000,0,0,000000000000000000000076817604e9e7e65800000000
645,0x00000000000,0x00000000000,0x01b203b02,0x00000000,0x00000000,0,0,00000000000000000000006c80ec080000000000000000
646,0x00000000000,0x00000000000,0x03ec0088d,0x59c0b9b1,0x00000000,0,0,0000000000000000000000fb002236ce05cd8800000000
647,0x00000000000,0x00000000000,0x01b807b62,0x00000000,0x00000000,0,0,00000000000000000000006e01ed880000000000000000
648,0x00000000000,0x00000000000,0x000000000,0x00000000,0x00000000,0,0,0000000000000000000000000000000000000000000000
649,0x00000000000,0x00000000000,0x01be0bbc2,0x00000000,0x00000000,0,0,00000000000000000000006f82ef080000000000000000
650,0x00000000000,0x00000000000,0x01d603d42,0x00000000,0x1bbb8002,0,0,00000000000000000000007580f50800000001bbb80020
651,0x00000000000,0x00000000000,0x01dc07da2,0x00000000,0x00000000,0,0,00000000000000000000007701f6880000000000000000
652,0x00000000000,0x0000004b367,0x01e009de1,0x1d5d1d2b,0x00000000,0,0,00000000000000004b367078027784eae8e95800000000
653,0x00000000000,0x00000000000,0x028c008ae,0x00000000,0x19f9c003,0,0,0000000000000000000000a30022b8000000019f9c0030
654,0x00000000000,0x00000000000,0x0290008ee,0x00000000,0x00000000,0,0,0000000000000000000000a40023b80000000000000000
655,0x00000000000,0x0000004c373,0x000000000,0x00000000,0x00000000,0,0,00000000000000004c3730000000000000000000000000
656,0x00000000000,0x0000004d37f,0x05f77fea1,0x00000000,0x00000000,0,0,00000000000000004d37f17ddffa840000000000000000
657,0x00000000000,0x0000004e3af,0x040f7ff21,0x00000000,0x00000000,0,0,00000000000000004e3af103dffc840000000000000000
658,0x00000000000,0x0000004f3bb,0x05fd7fee1,0x00000000,0x00000000,0,0,00000000000000004f3bb17f5ffb840000000000000000
659,0x00000000000,0x00000000000,0x01e20be02,0x5d60dd4f,0x00000000,0,0,00000000000000000000007882f80aeb06ea7800000000
660,0x00000000000,0x00000000000,0x000000000,0x00000000,0x00000000,0,0,0000000000000000000000000000000000000000000000
661,0x00000000000,0x00000000000,0x03ee008cd,0x00000000,0x00000000,0,0,0000000000000000000000fb8023340000000000000000
662,0x00000000000,0x00000000000,0x03f00090d,0x00000000,0x00000000,0,0,0000000000000000000000fc0024340000000000000000
663,0x00000000000,0x00000000000,0x01f801f61,0x00000000,0x00000000,0,0,00000000000000000000007e007d840000000000000000
664,0x00000000000,0x00000000000,0x0010080e1,0x00000000,0x00000000,0,0,0000000000000000000000040203840000000000000000
665,0x00000000000,0x00000000000,0x01fe05fc1,0x00000000,0x00000000,0,0,00000000000000000000007f817f040000000000000000
666,0x00000000000,0x000000503c7,0x000000000,0x5d809d62,0x00000000,0,0,0000000000000000503c7000000002ec04eb1000000000
667,0x00000000000,0x00000000000,0x000000000,0x00000000,0x00000000,0,0,0000000000000000000000000000000000000000000000
668,0x00000000000,0x00000000000,0x000000000,0x00000000,0x00000000,0,0,0000000000000000000000000000000000000000000000
669,0x00000000000,0x00000000000,0x000000000,0x5bc0bbb1,0x00000000,0,0,000000000000000000000000000002de05dd8800000000
670,0x00000000000,0x00000000000,0x01fa03f82,0x00000000,0x00000000,0,0,00000000000000000000007e80fe080000000000000000
671,0x00000000000,0x00000000000,0x00120a102,0x00000000,0x00000000,0,0,0000000000000000000000048284080000000000000000
672,0x00000000000,0x00000000000,0x04279e1a1,0x00000000,0x00000000,0,0,000000000000000000000109e786840000000000000000
673,0x00000000000,0x00000000000,0x000c07fe2,0x1f3efecb,0x1dbd8002,0,0,00000000000000000000000301ff88f9f7f659dbd80020
674,0x00000000000,0x00000000000,0x000000000,0x00000000,0x00000000,0,0,0000000000000000000000000000000000000000000000
675,0x00000000000,0x00000000000,0x042d9e1e1,0x00000000,0x00000000,0,0,00000000000000000000010b6787840000000000000000
676,0x00000000000,0x00000000000,0x04339e221,0x00000000,0x1bfbc003,0,0,00000000000000000000010ce7888400000001bfbc0030
677,0x00000000000,0x000000513f7,0x000000000,0x00000000,0x00000000,0,0,0000000000000000513f70000000000000000000000000
678,0x00000000000,0x00000053027,0x000000000,0x00000000,0x00000000,0,0,0000000000000000530270000000000000000000000000
679,0x00000000000,0x00000000000,0x002800261,0x00000000,0x00000000,0,0,00000000000000000000000a0009840000000000000000
680,0x00000000000,0x00000000000,0x000000000,0x1f5f1f2b,0x00000000,0,0,000000000000000000000000000000faf8f95800000000
681,0x00000000000,0x0000005201b,0x000000000,0x00000000,0x00000000,0,0,00000000000000005201b0000000000000000000000000
682,0x00000000000,0x00000000000,0x002e042c1,0x00000000,0x00000000,0,0,00000000000000000000000b810b040000000000000000
683,0x00000000000,0x00000000000,0x000000000,0x00000000,0x00000000,0,0,0000000000000000000000000000000000000000000000
684,0x00000000000,0x00000000000,0x003408321,0x00000000,0x00000000,0,0,00000000000000000000000d020c840000000000000000
685,0x00000000000,0x00000000000,0x000000000,0x00000000,0x00000000,0,0,0000000000000000000000000000000000000000000000
686,0x00000000000,0x00000000000,0x002a02282,0x00000000,0x00000000,0,0,00000000000000000000000a808a080000000000000000
687,0x00000000000,0x00000000000,0x000000000,0x5f60df4f,0x00000000,0,0,000000000000000000000000000002fb06fa7800000000
688,0x00000000000,0x00000000000,0x000000000,0x00000000,0x00000000,0,0,0000000000000000000000000000000000000000000000
689,0x00000000000,0x00000000000,0x000000000,0x00000000,0x00000000,0,0,0000000000000000000000000000000000000000000000
690,0x00000000000,0x00000000000,0x0030062e2,0x00000000,0x00000000,0,0,00000000000000000000000c018b880000000000000000
691,0x00000000000,0x00000000000,0x000000000,0x00000000,0x00000000,0,0,0000000000000000000000000000000000000000000000
692,0x00000000000,0x00000000000,0x00360a342,0x5dc0bdb1,0x00000000,0,0,00000000000000000000000d828d0aee05ed8800000000
693,0x00000000000,0x00000054057,0x000000000,0x00000000,0x00000000,0,0,0000000000000000540570000000000000000000000000
694,0x00000000000,0x00000000000,0x000000000,0x5f809f62,0x00000000,0,0,000000000000000000000000000002fc04fb1000000000
695,0x00000000000,0x00000000000,0x044bbe3e1,0x00000000,0x00000000,0,0,000000000000000000000112ef8f840000000000000000
696,0x00000000000,0x00000000000,0x0451be421,0x00000000,0x00000000,0,0,0000000000000000000001146f90840000000000000000
697,0x00000000000,0x00000000000,0x0457be461,0x00000000,0x00000000,0,0,000000000000000000000115ef91840000000000000000
698,0x00000000000,0x00000055063,0x000000000,0x00000000,0x00000000,0,0,0000000000000000550630000000000000000000000000
699,0x00000000000,0x0000005606f,0x000000000,0x00000000,0x1dfdc003,0,0,00000000000000005606f00000000000000001dfdc0030
700,0x00000000000,0x00000000000,0x000000000,0x00000000,0x00000000,0,0,0000000000000000000000000000000000000000000000
701,0x00000000000,0x00000000000,0x000000000,0x00000000,0x1fbf8002,0,0,00000000000000000000000000000000000001fbf80020
702,0x00000000000,0x00000000000,0x004c004a1,0x00000000,0x00000000,0,0,0000000000000000000000130012840000000000000000
703,0x00000000000,0x00000000000,0x005204501,0x00000000,0x00000000,0,0,0000000000000000000000148114040000000000000000
704,0x00000000000,0x00000000000,0x005808561,0x00000000,0x00000000,0,0,0000000000000000000000160215840000000000000000
705,0x00000000000,0x00000000000,0x000000000,0x00000000,0x00000000,0,0,0000000000000000000000000000000000000000000000
706,0x00000000000,0x00000000000,0x000000000,0x00000000,0x00000000,0,0,0000000000000000000000000000000000000000000000
707,0x00000000000,0x00000000000,0x000000000,0x00000000,0x00000000,0,0,0000000000000000000000000000000000000000000000
708,0x00000000000,0x00000000000,0x000000000,0x00000000,0x00000000,0,0,0000000000000000000000000000000000000000000000
709,0x00000000000,0x00000000000,0x004e024c2,0x00000000,0x00000000,0,0,0000000000000000000000138093080000000000000000
710,0x00000000000,0x00000000000,0x005406522,0x00000000,0x00000000,0,0,0000000000000000000000150194880000000000000000
711,0x00000000000,0x00000000000,0x005a0a582,0x00000000,0x00000000,0,0,0000000000000000000000168296080000000000000000
712,0x00000000000,0x00000000000,0x000000000,0x00000000,0x00000000,0,0,0000000000000000000000000000000000000000000000
713,0x00000000000,0x00000000000,0x000000000,0x00000000,0x00000000,0,0,0000000000000000000000000000000000000000000000
714,0x00000000000,0x00000000000,0x000000000,0x00000000,0x00000000,0,0,0000000000000000000000000000000000000000000000
715,0x00000000000,0x00000000000,0x000000000,0x00000000,0x00000000,0,0,0000000000000000000000000000000000000000000000
716,0x00000000000,0x0000005709f,0x000000000,0x00000000,0x00000000,0,0,00000000000000005709f0000000000000000000000000
717,0x00000000000,0x000000580ab,0x000000000,0x00000000,0x00000000,0,0,0000000000000000580ab0000000000000000000000000
718,0x00000000000,0x000000590b7,0x0475de661,0x00000000,0x00000000,0,0,0000000000000000590b711d7799840000000000000000
719,0x00000000000,0x00000000000,0x046fde621,0x00000000,0x00000000,0,0,00000000000000000000011bf798840000000000000000
720,0x00000000000,0x00000000000,0x047bde6a1,0x5fc0bfb1,0x00000000,0,0,00000000000000000000011ef79a86fe05fd8800000000
721,0x00000000000,0x00000000000,0x000000000,0x00000000,0x00000000,0,0,0000000000000000000000000000000000000000000000
722,0x00000000000,0x00000000000,0x000000000,0x00000000,0x00000000,0,0,0000000000000000000000000000000000000000000000
723,0x00000000000,0x00000000000,0x000000000,0x00000000,0x00000000,0,0,0000000000000000000000000000000000000000000000
724,0x00000000000,0x00000000000,0x000000000,0x00000000,0x00000000,0,0,0000000000000000000000000000000000000000000000
725,0x00000000000,0x00000000000,0x007604741,0x00000000,0x00000000,0,0,00000000000000000000001d811d040000000000000000
726,0x00000000000,0x00000000000,0x000000000,0x00000000,0x00000000,0,0,0000000000000000000000000000000000000000000000
727,0x00000000000,0x00000000000,0x0070006e1,0x00000000,0x1fffc003,0,0,00000000000000000000001c001b8400000001fffc0030
728,0x00000000000,0x00000000000,0x007c087a1,0x00000000,0x00000000,0,0,00000000000000000000001f021e840000000000000000
729,0x00000000000,0x00000000000,0x000000000,0x00000000,0x00000000,0,0,0000000000000000000000000000000000000000000000
730,0x00000000000,0x00000000000,0x000000000,0x00000000,0x00000000,0,0,0000000000000000000000000000000000000000000000
731,0x00000000000,0x00000000000,0x000000000,0x00000000,0x00000000,0,0,0000000000000000000000000000000000000000000000
732,0x00000000000,0x00000000000,0x000000000,0x00000000,0x00000000,0,0,0000000000000000000000000000000000000000000000
733,0x00000000000,0x00000000000,0x007806762,0x00000000,0x00000000,0,0,00000000000000000000001e019d880000000000000000
734,0x00000000000,0x00000000000,0x000000000,0x00000000,0x00000000,0,0,0000000000000000000000000000000000000000000000
735,0x00000000000,0x00000000000,0x007202702,0x00000000,0x00000000,0,0,00000000000000000000001c809c080000000000000000
736,0x00000000000,0x00000000000,0x007e0a7c2,0x00000000,0x00000000,0,0,00000000000000000000001f829f080000000000000000
737,0x00000000000,0x00000000000,0x000000000,0x00000000,0x00000000,0,0,0000000000000000000000000000000000000000000000
738,0x00000000000,0x00000000000,0x000000000,0x00000000,0x00000000,0,0,0000000000000000000000000000000000000000000000
739,0x00000000000,0x00000000000,0x000000000,0x00000000,0x00000000,0,0,0000000000000000000000000000000000000000000000
740,0x00000000000,0x00000000000,0x000000000,0x00000000,0x00000000,0,0,0000000000000000000000000000000000000000000000
741,0x00000000000,0x0000005b0f3,0x000000000,0x00000000,0x00000000,0,0,00000000000000005b0f30000000000000000000000000
742,0x00000000000,0x0000005a0e7,0x000000000,0x00000000,0x00000000,0,0,00000000000000005a0e70000000000000000000000000
743,0x00000000000,0x0000005c0ff,0x000000000,0x00000000,0x00000000,0,0,00000000000000005c0ff0000000000000000000000000
744,0x00000000000,0x00000000000,0x000000000,0x00000000,0x00000000,0,0,0000000000000000000000000000000000000000000000
745,0x00000000000,0x00000000000,0x000000000,0x00000000,0x00000000,0,0,0000000000000000000000000000000000000000000000
746,0x00000000000,0x00000000000,0x0493fe861,0x00000000,0x00000000,0,0,000000000000000000000124ffa1840000000000000000
747,0x00000000000,0x00000000000,0x0499fe8a1,0x00000000,0x00000000,0,0,0000000000000000000001267fa2840000000000000000
748,0x00000000000,0x00000000000,0x049ffe8e1,0x00000000,0x00000000,0,0,000000000000000000000127ffa3840000000000000000
749,0x00000000000,0x00000000000,0x000000000,0x00000000,0x00000000,0,0,0000000000000000000000000000000000000000000000
750,0x00000000000,0x00000000000,0x000000000,0x00000000,0x00000000,0,0,0000000000000000000000000000000000000000000000
751,0x00000000000,0x00000000000,0x000000000,0x00000000,0x00000000,0,0,0000000000000000000000000000000000000000000000
752,0x00000000000,0x00000000000,0x000000000,0x00000000,0x00000000,0,0,0000000000000000000000000000000000000000000000
753,0x00000000000,0x00000000000,0x009400921,0x00000000,0x00000000,0,0,0000000000000000000000250024840000000000000000
754,0x00000000000,0x00000000000,0x009a04981,0x00000000,0x00000000,0,0,0000000000000000000000268126040000000000000000
755,0x00000000000,0x00000000000,0x00a0089e1,0x00000000,0x00000000,0,0,0000000000000000000000280227840000000000000000
756,0x00000000000,0x00000000000,0x000000000,0x00000000,0x00000000,0,0,0000000000000000000000000000000000000000000000
757,0x00000000000,0x00000000000,0x000000000,0x00000000,0x00000000,0,0,0000000000000000000000000000000000000000000000
758,0x00000000000,0x00000000000,0x000000000,0x00000000,0x00000000,0,0,0000000000000000000000000000000000000000000000
759,0x00000000000,0x00000000000,0x000000000,0x00000000,0x00000000,0,0,0000000000000000000000000000000000000000000000
760,0x00000000000,0x00000000000,0x009602942,0x00000000,0x00000000,0,0,00000000000000000000002580a5080000000000000000
761,0x00000000000,0x00000000000,0x009c069a2,0x00000000,0x00000000,0,0,00000000000000000000002701a6880000000000000000
762,0x00000000000,0x00000000000,0x00a20aa02,0x00000000,0x00000000,0,0,00000000000000000000002882a8080000000000000000
763,0x00000000000,0x00000000000,0x000000000,0x00000000,0x00000000,0,0,0000000000000000000000000000000000000000000000
764,0x00000000000,0x00000000000,0x000000000,0x00000000,0x00000000,0,0,0000000000000000000000000000000000000000000000
765,0x00000000000,0x00000000000,0x000000000,0x00000000,0x00000000,0,0,0000000000000000000000000000000000000000000000
766,0x00000000000,0x00000000000,0x000000000,0x00000000,0x00000000,0,0,0000000000000000000000000000000000000000000000
767,0x00000000000,0x0000005d12f,0x000000000,0x00000000,0x00000000,0,0,00000000000000005d12f0000000000000000000000000
768,0x00000000000,0x0000005e13b,0x000000000,0x00000000,0x00000000,0,0,00000000000000005e13b0000000000000000000000000
769,0x00000000000,0x0000005f147,0x000000000,0x00000000,0x00000000,0,0,00000000000000005f1470000000000000000000000000
770,0x00000000000,0x00000000000,0x000000000,0x00000000,0x00000000,0,1,0000000000000000000000000000000000000000000001
