Vector Index,Segment ID,Start Index,Length,Load Node,Shift Node,Exp Node,Ln Node,Store Node
0,0,0,256,1,24,25,55,57
0,1,256,256,3,27,28,55,59
0,2,512,256,5,30,31,55,61
0,3,768,256,7,33,34,55,63
0,4,1024,256,9,36,37,55,65
0,5,1280,256,11,39,40,55,67
0,6,1536,256,13,42,43,55,69
0,7,1792,256,15,45,46,55,71
1,0,0,256,72,95,96,126,128
1,1,256,256,74,98,99,126,130
1,2,512,256,76,101,102,126,132
1,3,768,256,78,104,105,126,134
1,4,1024,256,80,107,108,126,136
1,5,1280,256,82,110,111,126,138
1,6,1536,256,84,113,114,126,140
1,7,1792,256,86,116,117,126,142
2,0,0,256,143,166,167,197,199
2,1,256,256,145,169,170,197,201
2,2,512,256,147,172,173,197,203
2,3,768,256,149,175,176,197,205
2,4,1024,256,151,178,179,197,207
2,5,1280,256,153,181,182,197,209
2,6,1536,256,155,184,185,197,211
2,7,1792,256,157,187,188,197,213
3,0,0,256,214,237,238,268,270
3,1,256,256,216,240,241,268,272
3,2,512,256,218,243,244,268,274
3,3,768,256,220,246,247,268,276
3,4,1024,256,222,249,250,268,278
3,5,1280,256,224,252,253,268,280
3,6,1536,256,226,255,256,268,282
3,7,1792,256,228,258,259,268,284
4,0,0,256,285,308,309,339,341
4,1,256,256,287,311,312,339,343
4,2,512,256,289,314,315,339,345
4,3,768,256,291,317,318,339,347
4,4,1024,256,293,320,321,339,349
4,5,1280,256,295,323,324,339,351
4,6,1536,256,297,326,327,339,353
4,7,1792,256,299,329,330,339,355
5,0,0,256,356,379,380,410,412
5,1,256,256,358,382,383,410,414
5,2,512,256,360,385,386,410,416
5,3,768,256,362,388,389,410,418
5,4,1024,256,364,391,392,410,420
5,5,1280,256,366,394,395,410,422
5,6,1536,256,368,397,398,410,424
5,7,1792,256,370,400,401,410,426
6,0,0,256,427,450,451,481,483
6,1,256,256,429,453,454,481,485
6,2,512,256,431,456,457,481,487
6,3,768,256,433,459,460,481,489
6,4,1024,256,435,462,463,481,491
6,5,1280,256,437,465,466,481,493
6,6,1536,256,439,468,469,481,495
6,7,1792,256,441,471,472,481,497
7,0,0,256,498,521,522,552,554
7,1,256,256,500,524,525,552,556
7,2,512,256,502,527,528,552,558
7,3,768,256,504,530,531,552,560
7,4,1024,256,506,533,534,552,562
7,5,1280,256,508,536,537,552,564
7,6,1536,256,510,539,540,552,566
7,7,1792,256,512,542,543,552,568
8,0,0,256,569,592,593,623,625
8,1,256,256,571,595,596,623,627
8,2,512,256,573,598,599,623,629
8,3,768,256,575,601,602,623,631
8,4,1024,256,577,604,605,623,633
8,5,1280,256,579,607,608,623,635
8,6,1536,256,581,610,611,623,637
8,7,1792,256,583,613,614,623,639
9,0,0,256,640,663,664,694,696
9,1,256,256,642,666,667,694,698
9,2,512,256,644,669,670,694,700
9,3,768,256,646,672,673,694,702
9,4,1024,256,648,675,676,694,704
9,5,1280,256,650,678,679,694,706
9,6,1536,256,652,681,682,694,708
9,7,1792,256,654,684,685,694,710
10,0,0,256,711,734,735,765,767
10,1,256,256,713,737,738,765,769
10,2,512,256,715,740,741,765,771
10,3,768,256,717,743,744,765,773
10,4,1024,256,719,746,747,765,775
10,5,1280,256,721,749,750,765,777
10,6,1536,256,723,752,753,765,779
10,7,1792,256,725,755,756,765,781
11,0,0,256,782,805,806,836,838
11,1,256,256,784,808,809,836,840
11,2,512,256,786,811,812,836,842
11,3,768,256,788,814,815,836,844
11,4,1024,256,790,817,818,836,846
11,5,1280,256,792,820,821,836,848
11,6,1536,256,794,823,824,836,850
11,7,1792,256,796,826,827,836,852
12,0,0,256,853,876,877,907,909
12,1,256,256,855,879,880,907,911
12,2,512,256,857,882,883,907,913
12,3,768,256,859,885,886,907,915
12,4,1024,256,861,888,889,907,917
12,5,1280,256,863,891,892,907,919
12,6,1536,256,865,894,895,907,921
12,7,1792,256,867,897,898,907,923
13,0,0,256,924,947,948,978,980
13,1,256,256,926,950,951,978,982
13,2,512,256,928,953,954,978,984
13,3,768,256,930,956,957,978,986
13,4,1024,256,932,959,960,978,988
13,5,1280,256,934,962,963,978,990
13,6,1536,256,936,965,966,978,992
13,7,1792,256,938,968,969,978,994
14,0,0,256,995,1018,1019,1049,1051
14,1,256,256,997,1021,1022,1049,1053
14,2,512,256,999,1024,1025,1049,1055
14,3,768,256,1001,1027,1028,1049,1057
14,4,1024,256,1003,1030,1031,1049,1059
14,5,1280,256,1005,1033,1034,1049,1061
14,6,1536,256,1007,1036,1037,1049,1063
14,7,1792,256,1009,1039,1040,1049,1065
15,0,0,256,1066,1089,1090,1120,1122
15,1,256,256,1068,1092,1093,1120,1124
15,2,512,256,1070,1095,1096,1120,1126
15,3,768,256,1072,1098,1099,1120,1128
15,4,1024,256,1074,1101,1102,1120,1130
15,5,1280,256,1076,1104,1105,1120,1132
15,6,1536,256,1078,1107,1108,1120,1134
15,7,1792,256,1080,1110,1111,1120,1136
16,0,0,256,1137,1160,1161,1191,1193
16,1,256,256,1139,1163,1164,1191,1195
16,2,512,256,1141,1166,1167,1191,1197
16,3,768,256,1143,1169,1170,1191,1199
16,4,1024,256,1145,1172,1173,1191,1201
16,5,1280,256,1147,1175,1176,1191,1203
16,6,1536,256,1149,1178,1179,1191,1205
16,7,1792,256,1151,1181,1182,1191,1207
17,0,0,256,1208,1231,1232,1262,1264
17,1,256,256,1210,1234,1235,1262,1266
17,2,512,256,1212,1237,1238,1262,1268
17,3,768,256,1214,1240,1241,1262,1270
17,4,1024,256,1216,1243,1244,1262,1272
17,5,1280,256,1218,1246,1247,1262,1274
17,6,1536,256,1220,1249,1250,1262,1276
17,7,1792,256,1222,1252,1253,1262,1278
18,0,0,256,1279,1302,1303,1333,1335
18,1,256,256,1281,1305,1306,1333,1337
18,2,512,256,1283,1308,1309,1333,1339
18,3,768,256,1285,1311,1312,1333,1341
18,4,1024,256,1287,1314,1315,1333,1343
18,5,1280,256,1289,1317,1318,1333,1345
18,6,1536,256,1291,1320,1321,1333,1347
18,7,1792,256,1293,1323,1324,1333,1349
19,0,0,256,1350,1373,1374,1404,1406
19,1,256,256,1352,1376,1377,1404,1408
19,2,512,256,1354,1379,1380,1404,1410
19,3,768,256,1356,1382,1383,1404,1412
19,4,1024,256,1358,1385,1386,1404,1414
19,5,1280,256,1360,1388,1389,1404,1416
19,6,1536,256,1362,1391,1392,1404,1418
19,7,1792,256,1364,1394,1395,1404,1420
20,0,0,256,1421,1444,1445,1475,1477
20,1,256,256,1423,1447,1448,1475,1479
20,2,512,256,1425,1450,1451,1475,1481
20,3,768,256,1427,1453,1454,1475,1483
20,4,1024,256,1429,1456,1457,1475,1485
20,5,1280,256,1431,1459,1460,1475,1487
20,6,1536,256,1433,1462,1463,1475,1489
20,7,1792,256,1435,1465,1466,1475,1491
21,0,0,256,1492,1515,1516,1546,1548
21,1,256,256,1494,1518,1519,1546,1550
21,2,512,256,1496,1521,1522,1546,1552
21,3,768,256,1498,1524,1525,1546,1554
21,4,1024,256,1500,1527,1528,1546,1556
21,5,1280,256,1502,1530,1531,1546,1558
21,6,1536,256,1504,1533,1534,1546,1560
21,7,1792,256,1506,1536,1537,1546,1562
22,0,0,256,1563,1586,1587,1617,1619
22,1,256,256,1565,1589,1590,1617,1621
22,2,512,256,1567,1592,1593,1617,1623
22,3,768,256,1569,1595,1596,1617,1625
22,4,1024,256,1571,1598,1599,1617,1627
22,5,1280,256,1573,1601,1602,1617,1629
22,6,1536,256,1575,1604,1605,1617,1631
22,7,1792,256,1577,1607,1608,1617,1633
23,0,0,256,1634,1657,1658,1688,1690
23,1,256,256,1636,1660,1661,1688,1692
23,2,512,256,1638,1663,1664,1688,1694
23,3,768,256,1640,1666,1667,1688,1696
23,4,1024,256,1642,1669,1670,1688,1698
23,5,1280,256,1644,1672,1673,1688,1700
23,6,1536,256,1646,1675,1676,1688,1702
23,7,1792,256,1648,1678,1679,1688,1704
24,0,0,256,1705,1728,1729,1759,1761
24,1,256,256,1707,1731,1732,1759,1763
24,2,512,256,1709,1734,1735,1759,1765
24,3,768,256,1711,1737,1738,1759,1767
24,4,1024,256,1713,1740,1741,1759,1769
24,5,1280,256,1715,1743,1744,1759,1771
24,6,1536,256,1717,1746,1747,1759,1773
24,7,1792,256,1719,1749,1750,1759,1775
25,0,0,256,1776,1799,1800,1830,1832
25,1,256,256,1778,1802,1803,1830,1834
25,2,512,256,1780,1805,1806,1830,1836
25,3,768,256,1782,1808,1809,1830,1838
25,4,1024,256,1784,1811,1812,1830,1840
25,5,1280,256,1786,1814,1815,1830,1842
25,6,1536,256,1788,1817,1818,1830,1844
25,7,1792,256,1790,1820,1821,1830,1846
26,0,0,256,1847,1870,1871,1901,1903
26,1,256,256,1849,1873,1874,1901,1905
26,2,512,256,1851,1876,1877,1901,1907
26,3,768,256,1853,1879,1880,1901,1909
26,4,1024,256,1855,1882,1883,1901,1911
26,5,1280,256,1857,1885,1886,1901,1913
26,6,1536,256,1859,1888,1889,1901,1915
26,7,1792,256,1861,1891,1892,1901,1917
27,0,0,256,1918,1941,1942,1972,1974
27,1,256,256,1920,1944,1945,1972,1976
27,2,512,256,1922,1947,1948,1972,1978
27,3,768,256,1924,1950,1951,1972,1980
27,4,1024,256,1926,1953,1954,1972,1982
27,5,1280,256,1928,1956,1957,1972,1984
27,6,1536,256,1930,1959,1960,1972,1986
27,7,1792,256,1932,1962,1963,1972,1988
28,0,0,256,1989,2012,2013,2043,2045
28,1,256,256,1991,2015,2016,2043,2047
28,2,512,256,1993,2018,2019,2043,2049
28,3,768,256,1995,2021,2022,2043,2051
28,4,1024,256,1997,2024,2025,2043,2053
28,5,1280,256,1999,2027,2028,2043,2055
28,6,1536,256,2001,2030,2031,2043,2057
28,7,1792,256,2003,2033,2034,2043,2059
29,0,0,256,2060,2083,2084,2114,2116
29,1,256,256,2062,2086,2087,2114,2118
29,2,512,256,2064,2089,2090,2114,2120
29,3,768,256,2066,2092,2093,2114,2122
29,4,1024,256,2068,2095,2096,2114,2124
29,5,1280,256,2070,2098,2099,2114,2126
29,6,1536,256,2072,2101,2102,2114,2128
29,7,1792,256,2074,2104,2105,2114,2130
30,0,0,256,2131,2154,2155,2185,2187
30,1,256,256,2133,2157,2158,2185,2189
30,2,512,256,2135,2160,2161,2185,2191
30,3,768,256,2137,2163,2164,2185,2193
30,4,1024,256,2139,2166,2167,2185,2195
30,5,1280,256,2141,2169,2170,2185,2197
30,6,1536,256,2143,2172,2173,2185,2199
30,7,1792,256,2145,2175,2176,2185,2201
31,0,0,256,2202,2225,2226,2256,2258
31,1,256,256,2204,2228,2229,2256,2260
31,2,512,256,2206,2231,2232,2256,2262
31,3,768,256,2208,2234,2235,2256,2264
31,4,1024,256,2210,2237,2238,2256,2266
31,5,1280,256,2212,2240,2241,2256,2268
31,6,1536,256,2214,2243,2244,2256,2270
31,7,1792,256,2216,2246,2247,2256,2272
