case,slot,field,width,events,unique_values,entropy_bits_per_event,most_common_value,most_common_fraction,event_to_event_repeat_pairs,event_to_event_repeat_fraction,adjacent_cycle_pairs,adjacent_cycle_repeat_fraction
softmax_x32,load,mem_fmt,2,64,1,-0.0,0,1.0,63,1.0,63,1.0
softmax_x32,load,mem_addr,28,64,64,6.0,0,0.015625,63,0.0,63,0.0
softmax_x32,load,gpr_fmt,2,64,1,-0.0,0,1.0,63,1.0,63,1.0
softmax_x32,load,gpr_addr,8,64,64,6.0,0,0.015625,63,0.0,63,0.0
softmax_x32,load,optype,2,64,1,-0.0,3,1.0,63,1.0,63,1.0
softmax_x32,store,mem_fmt,2,64,1,-0.0,0,1.0,63,1.0,46,1.0
softmax_x32,store,mem_addr,28,64,64,6.0,0,0.015625,63,0.0,46,0.0
softmax_x32,store,gpr_fmt,2,64,1,-0.0,0,1.0,63,1.0,46,1.0
softmax_x32,store,gpr_addr,8,64,64,6.0,6,0.015625,63,0.0,46,0.0
softmax_x32,store,optype,2,64,1,-0.0,3,1.0,63,1.0,46,1.0
softmax_x32,vector,half,2,256,1,-0.0,0,1.0,255,1.0,208,1.0
softmax_x32,vector,imm,1,256,1,-0.0,0,1.0,255,1.0,208,1.0
softmax_x32,vector,connect,2,256,2,1.0,1,0.5,255,0.8941176470588236,208,0.8990384615384616
softmax_x32,vector,dst,8,256,192,7.5,7,0.0078125,255,0.00784313725490196,208,0.004807692307692308
softmax_x32,vector,src1,8,256,65,4.0,0,0.5,255,0.6745098039215687,208,0.6442307692307693
softmax_x32,vector,src0,8,256,128,7.0,0,0.0078125,255,0.0,208,0.0
softmax_x32,vector,mask,1,256,1,-0.0,0,1.0,255,1.0,208,1.0
softmax_x32,vector,optype,4,256,4,2.0,12,0.25,255,0.7450980392156863,208,0.7259615384615384
softmax_x32,scalar,imm,1,64,1,-0.0,0,1.0,63,1.0,0,0.0
softmax_x32,scalar,connect,1,64,1,-0.0,0,1.0,63,1.0,0,0.0
softmax_x32,scalar,dst,8,64,64,6.0,2,0.015625,63,0.0,0,0.0
softmax_x32,scalar,src1,8,64,64,6.0,1,0.015625,63,0.0,0,0.0
softmax_x32,scalar,src0,8,64,64,6.0,0,0.015625,63,0.0,0,0.0
softmax_x32,scalar,mask,1,64,1,-0.0,0,1.0,63,1.0,0,0.0
softmax_x32,scalar,optype,4,64,2,1.0,4,0.5,63,0.8571428571428571,0,0.0
softmax_x32,sfu,borrow,2,96,1,-0.0,2,1.0,95,1.0,10,1.0
softmax_x32,sfu,dst,8,96,88,6.4182958340544936,13,0.020833333333333332,95,0.0,10,0.0
softmax_x32,sfu,src,8,96,88,6.4182958340544936,12,0.020833333333333332,95,0.0,10,0.0
softmax_x32,sfu,is_vector,1,96,2,0.9182958340544896,1,0.6666666666666666,95,0.6736842105263158,10,0.0
softmax_x32,sfu,rounds,8,96,2,0.9182958340544896,4,0.6666666666666666,95,0.6736842105263158,10,0.0
softmax_x32,sfu,optype,4,96,2,0.9182958340544896,1,0.6666666666666666,95,0.6736842105263158,10,0.0
softmax_x64,load,mem_fmt,2,128,1,-0.0,0,1.0,127,1.0,109,1.0
softmax_x64,load,mem_addr,28,128,128,7.0,0,0.0078125,127,0.0,109,0.0
softmax_x64,load,gpr_fmt,2,128,1,-0.0,0,1.0,127,1.0,109,1.0
softmax_x64,load,gpr_addr,8,128,64,6.0,0,0.015625,127,0.0,109,0.0
softmax_x64,load,optype,2,128,1,-0.0,3,1.0,127,1.0,109,1.0
softmax_x64,store,mem_fmt,2,128,1,-0.0,0,1.0,127,1.0,93,1.0
softmax_x64,store,mem_addr,28,128,128,7.0,0,0.0078125,127,0.0,93,0.0
softmax_x64,store,gpr_fmt,2,128,1,-0.0,0,1.0,127,1.0,93,1.0
softmax_x64,store,gpr_addr,8,128,64,6.0,6,0.015625,127,0.0,93,0.0
softmax_x64,store,optype,2,128,1,-0.0,3,1.0,127,1.0,93,1.0
softmax_x64,vector,half,2,512,1,-0.0,0,1.0,511,1.0,412,1.0
softmax_x64,vector,imm,1,512,1,-0.0,0,1.0,511,1.0,412,1.0
softmax_x64,vector,connect,2,512,2,1.0,1,0.5,511,0.9001956947162426,412,0.8883495145631068
softmax_x64,vector,dst,8,512,215,7.611865575977502,7,0.0078125,511,0.0,412,0.0
softmax_x64,vector,src1,8,512,101,4.28125,0,0.5,511,0.6653620352250489,412,0.6019417475728155
softmax_x64,vector,src0,8,512,128,7.0,0,0.0078125,511,0.0,412,0.0
softmax_x64,vector,mask,1,512,1,-0.0,0,1.0,511,1.0,412,1.0
softmax_x64,vector,optype,4,512,4,2.0,12,0.25,511,0.7651663405088063,412,0.7427184466019418
softmax_x64,scalar,imm,1,128,1,-0.0,0,1.0,127,1.0,6,1.0
softmax_x64,scalar,connect,1,128,1,-0.0,0,1.0,127,1.0,6,1.0
softmax_x64,scalar,dst,8,128,101,6.578125,5,0.015625,127,0.0,6,0.0
softmax_x64,scalar,src1,8,128,101,6.578125,4,0.015625,127,0.0,6,0.0
softmax_x64,scalar,src0,8,128,101,6.578125,3,0.015625,127,0.0,6,0.0
softmax_x64,scalar,mask,1,128,1,-0.0,0,1.0,127,1.0,6,1.0
softmax_x64,scalar,optype,4,128,2,1.0,4,0.5,127,0.8188976377952756,6,1.0
softmax_x64,sfu,borrow,2,192,1,-0.0,2,1.0,191,1.0,19,1.0
softmax_x64,sfu,dst,8,192,112,6.688721875540876,13,0.015625,191,0.0,19,0.0
softmax_x64,sfu,src,8,192,112,6.688721875540876,12,0.015625,191,0.0,19,0.0
softmax_x64,sfu,is_vector,1,192,2,0.9182958340544896,1,0.6666666666666666,191,0.680628272251309,19,0.0
softmax_x64,sfu,rounds,8,192,2,0.9182958340544896,4,0.6666666666666666,191,0.680628272251309,19,0.0
softmax_x64,sfu,optype,4,192,2,0.9182958340544896,1,0.6666666666666666,191,0.680628272251309,19,0.0
layernorm_x32,load,mem_fmt,2,102,1,-0.0,0,1.0,101,1.0,76,1.0
layernorm_x32,load,mem_addr,28,102,102,6.6724253419715,0,0.00980392156862745,101,0.0,76,0.0
layernorm_x32,load,gpr_fmt,2,102,1,-0.0,0,1.0,101,1.0,76,1.0
layernorm_x32,load,gpr_addr,8,102,84,6.319484165500912,8,0.0196078431372549,101,0.0,76,0.0
layernorm_x32,load,optype,2,102,1,-0.0,3,1.0,101,1.0,76,1.0
layernorm_x32,store,mem_fmt,2,96,1,-0.0,0,1.0,95,1.0,49,1.0
layernorm_x32,store,mem_addr,28,96,96,6.5849625007211605,0,0.010416666666666666,95,0.0,49,0.0
layernorm_x32,store,gpr_fmt,2,96,1,-0.0,0,1.0,95,1.0,49,1.0
layernorm_x32,store,gpr_addr,8,96,96,6.5849625007211605,17,0.010416666666666666,95,0.0,49,0.0
layernorm_x32,store,optype,2,96,1,-0.0,3,1.0,95,1.0,49,1.0
layernorm_x32,vector,half,2,672,1,-0.0,0,1.0,671,1.0,637,1.0
layernorm_x32,vector,imm,1,672,1,-0.0,0,1.0,671,1.0,637,1.0
layernorm_x32,vector,connect,2,672,3,1.5566567074628228,1,0.42857142857142855,671,0.6646795827123696,637,0.6750392464678179
layernorm_x32,vector,dst,8,672,249,7.8312410364583664,16,0.00744047619047619,671,0.0029806259314456036,637,0.0031397174254317113
layernorm_x32,vector,src1,8,672,37,3.464875070086872,0,0.47619047619047616,671,0.46348733233979134,637,0.48822605965463106
layernorm_x32,vector,src0,8,672,250,7.799278228104265,11,0.008928571428571428,671,0.0,637,0.0
layernorm_x32,vector,mask,1,672,1,-0.0,0,1.0,671,1.0,637,1.0
layernorm_x32,vector,optype,4,672,6,2.521640636343318,1,0.2857142857142857,671,0.6035767511177347,637,0.6122448979591837
layernorm_x32,scalar,imm,1,256,2,1.0,0,0.5,255,0.47843137254901963,94,0.4148936170212766
layernorm_x32,scalar,connect,1,256,1,-0.0,0,1.0,255,1.0,94,1.0
layernorm_x32,scalar,dst,8,256,128,7.0,3,0.0078125,255,0.0,94,0.0
layernorm_x32,scalar,src1,8,256,67,4.75,6,0.25,255,0.07450980392156863,94,0.06382978723404255
layernorm_x32,scalar,src0,8,256,128,7.0,0,0.0078125,255,0.0,94,0.0
layernorm_x32,scalar,mask,1,256,2,0.5435644431995964,0,0.875,255,0.7764705882352941,94,0.7340425531914894
layernorm_x32,scalar,optype,4,256,4,1.9056390622295665,2,0.375,255,0.28627450980392155,94,0.2765957446808511
layernorm_x32,sfu,borrow,2,64,1,-0.0,0,1.0,63,1.0,6,1.0
layernorm_x32,sfu,dst,8,64,32,5.0,13,0.03125,63,0.0,6,0.0
layernorm_x32,sfu,src,8,64,32,5.0,12,0.03125,63,0.0,6,0.0
layernorm_x32,sfu,is_vector,1,64,1,-0.0,0,1.0,63,1.0,6,1.0
layernorm_x32,sfu,rounds,8,64,1,-0.0,0,1.0,63,1.0,6,1.0
layernorm_x32,sfu,optype,4,64,2,1.0,2,0.5,63,0.4444444444444444,6,0.3333333333333333
layernorm_x64,load,mem_fmt,2,198,1,-0.0,0,1.0,197,1.0,130,1.0
layernorm_x64,load,mem_addr,28,198,198,7.629356620079592,0,0.005050505050505051,197,0.0,130,0.0
layernorm_x64,load,gpr_fmt,2,198,1,-0.0,0,1.0,197,1.0,130,1.0
layernorm_x64,load,gpr_addr,8,198,148,7.124306115029101,8,0.010101010101010102,197,0.0,130,0.0
layernorm_x64,load,optype,2,198,1,-0.0,3,1.0,197,1.0,130,1.0
layernorm_x64,store,mem_fmt,2,192,1,-0.0,0,1.0,191,1.0,90,1.0
layernorm_x64,store,mem_addr,28,192,192,7.584962500721179,0,0.005208333333333333,191,0.0,90,0.0
layernorm_x64,store,gpr_fmt,2,192,1,-0.0,0,1.0,191,1.0,90,1.0
layernorm_x64,store,gpr_addr,8,192,170,7.35579583405451,23,0.010416666666666666,191,0.0,90,0.0
layernorm_x64,store,optype,2,192,1,-0.0,3,1.0,191,1.0,90,1.0
layernorm_x64,vector,half,2,1344,1,-0.0,0,1.0,1343,1.0,1314,1.0
layernorm_x64,vector,imm,1,1344,1,-0.0,0,1.0,1343,1.0,1314,1.0
layernorm_x64,vector,connect,2,1344,3,1.5566567074628228,1,0.42857142857142855,1343,0.5658972449739389,1314,0.5646879756468798
layernorm_x64,vector,dst,8,1344,253,7.877414690505622,17,0.006696428571428571,1343,0.0029784065524944155,1314,0.0030441400304414
layernorm_x64,vector,src1,8,1344,37,3.464875070086872,0,0.47619047619047616,1343,0.41399851079672373,1314,0.4231354642313546
layernorm_x64,vector,src0,8,1344,250,7.9009586293386285,15,0.006696428571428571,1343,0.0,1314,0.0
layernorm_x64,vector,mask,1,1344,1,-0.0,0,1.0,1343,1.0,1314,1.0
layernorm_x64,vector,optype,4,1344,6,2.521640636343318,1,0.2857142857142857,1343,0.4832464631422189,1314,0.4809741248097412
layernorm_x64,scalar,imm,1,512,2,1.0,0,0.5,511,0.4383561643835616,211,0.41706161137440756
layernorm_x64,scalar,connect,1,512,1,-0.0,0,1.0,511,1.0,211,1.0
layernorm_x64,scalar,dst,8,512,128,7.0,3,0.0078125,511,0.0,211,0.0
layernorm_x64,scalar,src1,8,512,67,4.75,6,0.25,511,0.060665362035225046,211,0.052132701421800945
layernorm_x64,scalar,src0,8,512,128,7.0,0,0.0078125,511,0.0,211,0.0
layernorm_x64,scalar,mask,1,512,2,0.5435644431995964,0,0.875,511,0.7671232876712328,211,0.7345971563981043
layernorm_x64,scalar,optype,4,512,4,1.9056390622295665,2,0.375,511,0.2700587084148728,211,0.27014218009478674
layernorm_x64,sfu,borrow,2,128,1,-0.0,0,1.0,127,1.0,9,1.0
layernorm_x64,sfu,dst,8,128,32,5.0,13,0.03125,127,0.0,9,0.0
layernorm_x64,sfu,src,8,128,32,5.0,12,0.03125,127,0.0,9,0.0
layernorm_x64,sfu,is_vector,1,128,1,-0.0,0,1.0,127,1.0,9,1.0
layernorm_x64,sfu,rounds,8,128,1,-0.0,0,1.0,127,1.0,9,1.0
layernorm_x64,sfu,optype,4,128,2,1.0,2,0.5,127,0.3464566929133858,9,0.2222222222222222
gelu_x32,load,mem_fmt,2,384,1,-0.0,0,1.0,383,1.0,363,1.0
gelu_x32,load,mem_addr,28,384,384,8.584962500721227,0,0.0026041666666666665,383,0.0,363,0.0
gelu_x32,load,gpr_fmt,2,384,1,-0.0,0,1.0,383,1.0,363,1.0
gelu_x32,load,gpr_addr,8,384,128,7.0,0,0.0078125,383,0.0,363,0.0
gelu_x32,load,optype,2,384,1,-0.0,3,1.0,383,1.0,363,1.0
gelu_x32,store,mem_fmt,2,384,1,-0.0,0,1.0,383,1.0,0,0.0
gelu_x32,store,mem_addr,28,384,384,8.584962500721227,0,0.0026041666666666665,383,0.0,0,0.0
gelu_x32,store,gpr_fmt,2,384,1,-0.0,0,1.0,383,1.0,0,0.0
gelu_x32,store,gpr_addr,8,384,128,7.0,1,0.0078125,383,0.0,0,0.0
gelu_x32,store,optype,2,384,1,-0.0,3,1.0,383,1.0,0,0.0
gelu_x32,vector,half,2,0,0,0.0,,0.0,0,0.0,0,0.0
gelu_x32,vector,imm,1,0,0,0.0,,0.0,0,0.0,0,0.0
gelu_x32,vector,connect,2,0,0,0.0,,0.0,0,0.0,0,0.0
gelu_x32,vector,dst,8,0,0,0.0,,0.0,0,0.0,0,0.0
gelu_x32,vector,src1,8,0,0,0.0,,0.0,0,0.0,0,0.0
gelu_x32,vector,src0,8,0,0,0.0,,0.0,0,0.0,0,0.0
gelu_x32,vector,mask,1,0,0,0.0,,0.0,0,0.0,0,0.0
gelu_x32,vector,optype,4,0,0,0.0,,0.0,0,0.0,0,0.0
gelu_x32,scalar,imm,1,0,0,0.0,,0.0,0,0.0,0,0.0
gelu_x32,scalar,connect,1,0,0,0.0,,0.0,0,0.0,0,0.0
gelu_x32,scalar,dst,8,0,0,0.0,,0.0,0,0.0,0,0.0
gelu_x32,scalar,src1,8,0,0,0.0,,0.0,0,0.0,0,0.0
gelu_x32,scalar,src0,8,0,0,0.0,,0.0,0,0.0,0,0.0
gelu_x32,scalar,mask,1,0,0,0.0,,0.0,0,0.0,0,0.0
gelu_x32,scalar,optype,4,0,0,0.0,,0.0,0,0.0,0,0.0
gelu_x32,sfu,borrow,2,384,1,-0.0,2,1.0,383,1.0,0,0.0
gelu_x32,sfu,dst,8,384,128,7.0,1,0.0078125,383,0.0,0,0.0
gelu_x32,sfu,src,8,384,128,7.0,0,0.0078125,383,0.0,0,0.0
gelu_x32,sfu,is_vector,1,384,1,-0.0,1,1.0,383,1.0,0,0.0
gelu_x32,sfu,rounds,8,384,1,-0.0,4,1.0,383,1.0,0,0.0
gelu_x32,sfu,optype,4,384,1,-0.0,4,1.0,383,1.0,0,0.0
gelu_x64,load,mem_fmt,2,768,1,-0.0,0,1.0,767,1.0,715,1.0
gelu_x64,load,mem_addr,28,768,768,9.584962500721197,0,0.0013020833333333333,767,0.0,715,0.0
gelu_x64,load,gpr_fmt,2,768,1,-0.0,0,1.0,767,1.0,715,1.0
gelu_x64,load,gpr_addr,8,768,128,7.0,0,0.0078125,767,0.0,715,0.0
gelu_x64,load,optype,2,768,1,-0.0,3,1.0,767,1.0,715,1.0
gelu_x64,store,mem_fmt,2,768,1,-0.0,0,1.0,767,1.0,0,0.0
gelu_x64,store,mem_addr,28,768,768,9.584962500721197,0,0.0013020833333333333,767,0.0,0,0.0
gelu_x64,store,gpr_fmt,2,768,1,-0.0,0,1.0,767,1.0,0,0.0
gelu_x64,store,gpr_addr,8,768,128,7.0,1,0.0078125,767,0.0,0,0.0
gelu_x64,store,optype,2,768,1,-0.0,3,1.0,767,1.0,0,0.0
gelu_x64,vector,half,2,0,0,0.0,,0.0,0,0.0,0,0.0
gelu_x64,vector,imm,1,0,0,0.0,,0.0,0,0.0,0,0.0
gelu_x64,vector,connect,2,0,0,0.0,,0.0,0,0.0,0,0.0
gelu_x64,vector,dst,8,0,0,0.0,,0.0,0,0.0,0,0.0
gelu_x64,vector,src1,8,0,0,0.0,,0.0,0,0.0,0,0.0
gelu_x64,vector,src0,8,0,0,0.0,,0.0,0,0.0,0,0.0
gelu_x64,vector,mask,1,0,0,0.0,,0.0,0,0.0,0,0.0
gelu_x64,vector,optype,4,0,0,0.0,,0.0,0,0.0,0,0.0
gelu_x64,scalar,imm,1,0,0,0.0,,0.0,0,0.0,0,0.0
gelu_x64,scalar,connect,1,0,0,0.0,,0.0,0,0.0,0,0.0
gelu_x64,scalar,dst,8,0,0,0.0,,0.0,0,0.0,0,0.0
gelu_x64,scalar,src1,8,0,0,0.0,,0.0,0,0.0,0,0.0
gelu_x64,scalar,src0,8,0,0,0.0,,0.0,0,0.0,0,0.0
gelu_x64,scalar,mask,1,0,0,0.0,,0.0,0,0.0,0,0.0
gelu_x64,scalar,optype,4,0,0,0.0,,0.0,0,0.0,0,0.0
gelu_x64,sfu,borrow,2,768,1,-0.0,2,1.0,767,1.0,0,0.0
gelu_x64,sfu,dst,8,768,128,7.0,1,0.0078125,767,0.0,0,0.0
gelu_x64,sfu,src,8,768,128,7.0,0,0.0078125,767,0.0,0,0.0
gelu_x64,sfu,is_vector,1,768,1,-0.0,1,1.0,767,1.0,0,0.0
gelu_x64,sfu,rounds,8,768,1,-0.0,4,1.0,767,1.0,0,0.0
gelu_x64,sfu,optype,4,768,1,-0.0,4,1.0,767,1.0,0,0.0
logsoftmax_x32,load,mem_fmt,2,256,1,-0.0,0,1.0,255,1.0,231,1.0
logsoftmax_x32,load,mem_addr,28,256,256,8.0,0,0.00390625,255,0.0,231,0.0
logsoftmax_x32,load,gpr_fmt,2,256,1,-0.0,0,1.0,255,1.0,231,1.0
logsoftmax_x32,load,gpr_addr,8,256,64,6.0,0,0.015625,255,0.0,231,0.0
logsoftmax_x32,load,optype,2,256,1,-0.0,3,1.0,255,1.0,231,1.0
logsoftmax_x32,store,mem_fmt,2,256,1,-0.0,0,1.0,255,1.0,57,1.0
logsoftmax_x32,store,mem_addr,28,256,256,8.0,0,0.00390625,255,0.0,57,0.0
logsoftmax_x32,store,gpr_fmt,2,256,1,-0.0,0,1.0,255,1.0,57,1.0
logsoftmax_x32,store,gpr_addr,8,256,64,6.0,24,0.015625,255,0.0,57,0.0
logsoftmax_x32,store,optype,2,256,1,-0.0,3,1.0,255,1.0,57,1.0
logsoftmax_x32,vector,half,2,1024,2,0.954434002924965,0,0.625,1023,0.44281524926686217,680,0.47941176470588237
logsoftmax_x32,vector,imm,1,1024,1,-0.0,0,1.0,1023,1.0,680,1.0
logsoftmax_x32,vector,connect,2,1024,2,1.0,1,0.5,1023,0.4144672531769306,680,0.4485294117647059
logsoftmax_x32,vector,dst,8,1024,256,7.802962524163843,22,0.0068359375,1023,0.0009775171065493646,680,0.0
logsoftmax_x32,vector,src1,8,1024,49,3.75,0,0.5,1023,0.38220918866080156,680,0.43970588235294117
logsoftmax_x32,vector,src0,8,1024,192,7.5,0,0.0078125,1023,0.0,680,0.0
logsoftmax_x32,vector,mask,1,1024,1,-0.0,0,1.0,1023,1.0,680,1.0
logsoftmax_x32,vector,optype,4,1024,3,1.5,3,0.5,1023,0.3675464320625611,680,0.38529411764705884
logsoftmax_x32,scalar,imm,1,448,1,-0.0,0,1.0,447,1.0,105,1.0
logsoftmax_x32,scalar,connect,1,448,1,-0.0,0,1.0,447,1.0,105,1.0
logsoftmax_x32,scalar,dst,8,448,247,7.910033493486138,8,0.004464285714285714,447,0.0,105,0.0
logsoftmax_x32,scalar,src1,8,448,220,7.6148669753972245,16,0.008928571428571428,447,0.0,105,0.0
logsoftmax_x32,scalar,src0,8,448,220,7.6148669753972245,15,0.008928571428571428,447,0.0,105,0.0
logsoftmax_x32,scalar,mask,1,448,1,-0.0,0,1.0,447,1.0,105,1.0
logsoftmax_x32,scalar,optype,4,448,2,1.0,4,0.5,447,0.6890380313199105,105,0.6952380952380952
logsoftmax_x32,sfu,borrow,2,288,1,-0.0,1,1.0,287,1.0,6,1.0
logsoftmax_x32,sfu,dst,8,288,88,6.291879432707956,45,0.017361111111111112,287,0.0,6,0.0
logsoftmax_x32,sfu,src,8,288,88,6.291879432707956,44,0.017361111111111112,287,0.0,6,0.0
logsoftmax_x32,sfu,is_vector,1,288,2,0.5032583347756457,1,0.8888888888888888,287,0.7874564459930313,6,0.0
logsoftmax_x32,sfu,rounds,8,288,2,0.5032583347756457,6,0.8888888888888888,287,0.7874564459930313,6,0.0
logsoftmax_x32,sfu,optype,4,288,2,0.5032583347756457,1,0.8888888888888888,287,0.7874564459930313,6,0.0
logsoftmax_x64,load,mem_fmt,2,512,1,-0.0,0,1.0,511,1.0,455,1.0
logsoftmax_x64,load,mem_addr,28,512,512,9.0,0,0.001953125,511,0.0,455,0.0
logsoftmax_x64,load,gpr_fmt,2,512,1,-0.0,0,1.0,511,1.0,455,1.0
logsoftmax_x64,load,gpr_addr,8,512,64,6.0,0,0.015625,511,0.0,455,0.0
logsoftmax_x64,load,optype,2,512,1,-0.0,3,1.0,511,1.0,455,1.0
logsoftmax_x64,store,mem_fmt,2,512,1,-0.0,0,1.0,511,1.0,113,1.0
logsoftmax_x64,store,mem_addr,28,512,512,9.0,0,0.001953125,511,0.0,113,0.0
logsoftmax_x64,store,gpr_fmt,2,512,1,-0.0,0,1.0,511,1.0,113,1.0
logsoftmax_x64,store,gpr_addr,8,512,64,6.0,24,0.015625,511,0.0,113,0.0
logsoftmax_x64,store,optype,2,512,1,-0.0,3,1.0,511,1.0,113,1.0
logsoftmax_x64,vector,half,2,2048,2,0.954434002924965,0,0.625,2047,0.44015632633121643,1368,0.4722222222222222
logsoftmax_x64,vector,imm,1,2048,1,-0.0,0,1.0,2047,1.0,1368,1.0
logsoftmax_x64,vector,connect,2,2048,2,1.0,1,0.5,2047,0.41035661944308743,1368,0.43932748538011696
logsoftmax_x64,vector,dst,8,2048,256,7.807721636021619,22,0.00634765625,2047,0.004396678065461651,1368,0.0029239766081871343
logsoftmax_x64,vector,src1,8,2048,81,4.125,0,0.5,2047,0.3786028334147533,1368,0.42909356725146197
logsoftmax_x64,vector,src0,8,2048,192,7.5,0,0.0078125,2047,0.0,1368,0.0
logsoftmax_x64,vector,mask,1,2048,1,-0.0,0,1.0,2047,1.0,1368,1.0
logsoftmax_x64,vector,optype,4,2048,3,1.5,3,0.5,2047,0.3595505617977528,1368,0.37280701754385964
logsoftmax_x64,scalar,imm,1,896,1,-0.0,0,1.0,895,1.0,201,1.0
logsoftmax_x64,scalar,connect,1,896,1,-0.0,0,1.0,895,1.0,201,1.0
logsoftmax_x64,scalar,dst,8,896,256,7.968267226585727,8,0.004464285714285714,895,0.0,201,0.0
logsoftmax_x64,scalar,src1,8,896,256,7.963890217695771,1,0.004464285714285714,895,0.0,201,0.0
logsoftmax_x64,scalar,src0,8,896,256,7.963890217695771,0,0.004464285714285714,895,0.0,201,0.0
logsoftmax_x64,scalar,mask,1,896,1,-0.0,0,1.0,895,1.0,201,1.0
logsoftmax_x64,scalar,optype,4,896,2,1.0,4,0.5,895,0.6659217877094972,201,0.681592039800995
logsoftmax_x64,sfu,borrow,2,576,1,-0.0,1,1.0,575,1.0,14,1.0
logsoftmax_x64,sfu,dst,8,576,112,6.3774437510817545,13,0.015625,575,0.0,14,0.0
logsoftmax_x64,sfu,src,8,576,112,6.3774437510817545,12,0.015625,575,0.0,14,0.0
logsoftmax_x64,sfu,is_vector,1,576,2,0.5032583347756457,1,0.8888888888888888,575,0.782608695652174,14,0.0
logsoftmax_x64,sfu,rounds,8,576,2,0.5032583347756457,6,0.8888888888888888,575,0.782608695652174,14,0.0
logsoftmax_x64,sfu,optype,4,576,2,0.5032583347756457,1,0.8888888888888888,575,0.782608695652174,14,0.0
softplus_x32,load,mem_fmt,2,128,1,-0.0,0,1.0,127,1.0,111,1.0
softplus_x32,load,mem_addr,28,128,128,7.0,0,0.0078125,127,0.0,111,0.0
softplus_x32,load,gpr_fmt,2,128,1,-0.0,0,1.0,127,1.0,111,1.0
softplus_x32,load,gpr_addr,8,128,64,6.0,0,0.015625,127,0.0,111,0.0
softplus_x32,load,optype,2,128,1,-0.0,3,1.0,127,1.0,111,1.0
softplus_x32,store,mem_fmt,2,128,1,-0.0,0,1.0,127,1.0,0,0.0
softplus_x32,store,mem_addr,28,128,128,7.0,0,0.0078125,127,0.0,0,0.0
softplus_x32,store,gpr_fmt,2,128,1,-0.0,0,1.0,127,1.0,0,0.0
softplus_x32,store,gpr_addr,8,128,64,6.0,3,0.015625,127,0.0,0,0.0
softplus_x32,store,optype,2,128,1,-0.0,3,1.0,127,1.0,0,0.0
softplus_x32,vector,half,2,128,1,-0.0,0,1.0,127,1.0,115,1.0
softplus_x32,vector,imm,1,128,1,-0.0,1,1.0,127,1.0,115,1.0
softplus_x32,vector,connect,2,128,1,-0.0,2,1.0,127,1.0,115,1.0
softplus_x32,vector,dst,8,128,64,6.0,2,0.015625,127,0.0,115,0.0
softplus_x32,vector,src1,8,128,1,-0.0,7,1.0,127,1.0,115,1.0
softplus_x32,vector,src0,8,128,64,6.0,1,0.015625,127,0.0,115,0.0
softplus_x32,vector,mask,1,128,1,-0.0,0,1.0,127,1.0,115,1.0
softplus_x32,vector,optype,4,128,1,-0.0,2,1.0,127,1.0,115,1.0
softplus_x32,scalar,imm,1,0,0,0.0,,0.0,0,0.0,0,0.0
softplus_x32,scalar,connect,1,0,0,0.0,,0.0,0,0.0,0,0.0
softplus_x32,scalar,dst,8,0,0,0.0,,0.0,0,0.0,0,0.0
softplus_x32,scalar,src1,8,0,0,0.0,,0.0,0,0.0,0,0.0
softplus_x32,scalar,src0,8,0,0,0.0,,0.0,0,0.0,0,0.0
softplus_x32,scalar,mask,1,0,0,0.0,,0.0,0,0.0,0,0.0
softplus_x32,scalar,optype,4,0,0,0.0,,0.0,0,0.0,0,0.0
softplus_x32,sfu,borrow,2,256,1,-0.0,2,1.0,255,1.0,0,0.0
softplus_x32,sfu,dst,8,256,128,7.0,1,0.0078125,255,0.0,0,0.0
softplus_x32,sfu,src,8,256,128,7.0,0,0.0078125,255,0.0,0,0.0
softplus_x32,sfu,is_vector,1,256,1,-0.0,1,1.0,255,1.0,0,0.0
softplus_x32,sfu,rounds,8,256,1,-0.0,4,1.0,255,1.0,0,0.0
softplus_x32,sfu,optype,4,256,2,1.0,1,0.5,255,0.9411764705882353,0,0.0
softplus_x64,load,mem_fmt,2,256,1,-0.0,0,1.0,255,1.0,207,1.0
softplus_x64,load,mem_addr,28,256,256,8.0,0,0.00390625,255,0.0,207,0.0
softplus_x64,load,gpr_fmt,2,256,1,-0.0,0,1.0,255,1.0,207,1.0
softplus_x64,load,gpr_addr,8,256,64,6.0,0,0.015625,255,0.0,207,0.0
softplus_x64,load,optype,2,256,1,-0.0,3,1.0,255,1.0,207,1.0
softplus_x64,store,mem_fmt,2,256,1,-0.0,0,1.0,255,1.0,0,0.0
softplus_x64,store,mem_addr,28,256,256,8.0,0,0.00390625,255,0.0,0,0.0
softplus_x64,store,gpr_fmt,2,256,1,-0.0,0,1.0,255,1.0,0,0.0
softplus_x64,store,gpr_addr,8,256,64,6.0,3,0.015625,255,0.0,0,0.0
softplus_x64,store,optype,2,256,1,-0.0,3,1.0,255,1.0,0,0.0
softplus_x64,vector,half,2,256,1,-0.0,0,1.0,255,1.0,230,1.0
softplus_x64,vector,imm,1,256,1,-0.0,1,1.0,255,1.0,230,1.0
softplus_x64,vector,connect,2,256,1,-0.0,2,1.0,255,1.0,230,1.0
softplus_x64,vector,dst,8,256,64,6.0,2,0.015625,255,0.0,230,0.0
softplus_x64,vector,src1,8,256,1,-0.0,7,1.0,255,1.0,230,1.0
softplus_x64,vector,src0,8,256,64,6.0,1,0.015625,255,0.0,230,0.0
softplus_x64,vector,mask,1,256,1,-0.0,0,1.0,255,1.0,230,1.0
softplus_x64,vector,optype,4,256,1,-0.0,2,1.0,255,1.0,230,1.0
softplus_x64,scalar,imm,1,0,0,0.0,,0.0,0,0.0,0,0.0
softplus_x64,scalar,connect,1,0,0,0.0,,0.0,0,0.0,0,0.0
softplus_x64,scalar,dst,8,0,0,0.0,,0.0,0,0.0,0,0.0
softplus_x64,scalar,src1,8,0,0,0.0,,0.0,0,0.0,0,0.0
softplus_x64,scalar,src0,8,0,0,0.0,,0.0,0,0.0,0,0.0
softplus_x64,scalar,mask,1,0,0,0.0,,0.0,0,0.0,0,0.0
softplus_x64,scalar,optype,4,0,0,0.0,,0.0,0,0.0,0,0.0
softplus_x64,sfu,borrow,2,512,1,-0.0,2,1.0,511,1.0,0,0.0
softplus_x64,sfu,dst,8,512,128,7.0,1,0.0078125,511,0.0,0,0.0
softplus_x64,sfu,src,8,512,128,7.0,0,0.0078125,511,0.0,0,0.0
softplus_x64,sfu,is_vector,1,512,1,-0.0,1,1.0,511,1.0,0,0.0
softplus_x64,sfu,rounds,8,512,1,-0.0,4,1.0,511,1.0,0,0.0
softplus_x64,sfu,optype,4,512,2,1.0,1,0.5,511,0.9197651663405088,0,0.0
logsumexp_x32,load,mem_fmt,2,128,1,-0.0,0,1.0,127,1.0,110,1.0
logsumexp_x32,load,mem_addr,28,128,128,7.0,0,0.0078125,127,0.0,110,0.0
logsumexp_x32,load,gpr_fmt,2,128,1,-0.0,0,1.0,127,1.0,110,1.0
logsumexp_x32,load,gpr_addr,8,128,128,7.0,0,0.0078125,127,0.0,110,0.0
logsumexp_x32,load,optype,2,128,1,-0.0,3,1.0,127,1.0,110,1.0
logsumexp_x32,store,mem_fmt,2,32,1,-0.0,0,1.0,31,1.0,0,0.0
logsumexp_x32,store,mem_addr,28,32,32,5.0,0,0.03125,31,0.0,0,0.0
logsumexp_x32,store,gpr_fmt,2,32,1,-0.0,0,1.0,31,1.0,0,0.0
logsumexp_x32,store,gpr_addr,8,32,16,4.0,15,0.0625,31,0.0,0,0.0
logsumexp_x32,store,optype,2,32,1,-0.0,2,1.0,31,1.0,0,0.0
logsumexp_x32,vector,half,2,384,1,-0.0,0,1.0,383,1.0,271,1.0
logsumexp_x32,vector,imm,1,384,1,-0.0,0,1.0,383,1.0,271,1.0
logsumexp_x32,vector,connect,2,384,2,0.9182958340544896,1,0.6666666666666666,383,0.8381201044386423,271,0.8044280442804428
logsumexp_x32,vector,dst,8,384,180,7.3838816410982835,16,0.010416666666666666,383,0.0,271,0.0
logsumexp_x32,vector,src1,8,384,17,2.2516291673878226,0,0.6666666666666666,383,0.783289817232376,271,0.7269372693726938
logsumexp_x32,vector,src0,8,384,192,7.502396680172057,1,0.0078125,383,0.0,271,0.0
logsumexp_x32,vector,mask,1,384,1,-0.0,0,1.0,383,1.0,271,1.0
logsumexp_x32,vector,optype,4,384,3,1.584962500721156,12,0.3333333333333333,383,0.6788511749347258,271,0.6605166051660517
logsumexp_x32,scalar,imm,1,224,1,-0.0,0,1.0,223,1.0,72,1.0
logsumexp_x32,scalar,connect,1,224,1,-0.0,0,1.0,223,1.0,72,1.0
logsumexp_x32,scalar,dst,8,224,112,6.807354922057591,4,0.008928571428571428,223,0.0,72,0.0
logsumexp_x32,scalar,src1,8,224,112,6.807354922057591,1,0.008928571428571428,223,0.0,72,0.0
logsumexp_x32,scalar,src0,8,224,112,6.807354922057591,0,0.008928571428571428,223,0.0,72,0.0
logsumexp_x32,scalar,mask,1,224,1,-0.0,0,1.0,223,1.0,72,1.0
logsumexp_x32,scalar,optype,4,224,2,0.9852281360342515,2,0.5714285714285714,223,0.6816143497757847,72,0.8333333333333334
logsumexp_x32,sfu,borrow,2,160,1,-0.0,2,1.0,159,1.0,0,0.0
logsumexp_x32,sfu,dst,8,160,122,6.846928094887363,5,0.0125,159,0.0,0,0.0
logsumexp_x32,sfu,src,8,160,122,6.846928094887363,4,0.0125,159,0.0,0,0.0
logsumexp_x32,sfu,is_vector,1,160,2,0.7219280948873623,1,0.8,159,0.6163522012578616,0,0.0
logsumexp_x32,sfu,rounds,8,160,2,0.7219280948873623,4,0.8,159,0.6163522012578616,0,0.0
logsumexp_x32,sfu,optype,4,160,2,0.7219280948873623,1,0.8,159,0.6163522012578616,0,0.0
logsumexp_x64,load,mem_fmt,2,256,1,-0.0,0,1.0,255,1.0,206,1.0
logsumexp_x64,load,mem_addr,28,256,256,8.0,0,0.00390625,255,0.0,206,0.0
logsumexp_x64,load,gpr_fmt,2,256,1,-0.0,0,1.0,255,1.0,206,1.0
logsumexp_x64,load,gpr_addr,8,256,256,8.0,0,0.00390625,255,0.0,206,0.0
logsumexp_x64,load,optype,2,256,1,-0.0,3,1.0,255,1.0,206,1.0
logsumexp_x64,store,mem_fmt,2,64,1,-0.0,0,1.0,63,1.0,0,0.0
logsumexp_x64,store,mem_addr,28,64,64,6.0,0,0.015625,63,0.0,0,0.0
logsumexp_x64,store,gpr_fmt,2,64,1,-0.0,0,1.0,63,1.0,0,0.0
logsumexp_x64,store,gpr_addr,8,64,16,4.0,15,0.0625,63,0.0,0,0.0
logsumexp_x64,store,optype,2,64,1,-0.0,2,1.0,63,1.0,0,0.0
logsumexp_x64,vector,half,2,768,1,-0.0,0,1.0,767,1.0,537,1.0
logsumexp_x64,vector,imm,1,768,1,-0.0,0,1.0,767,1.0,537,1.0
logsumexp_x64,vector,connect,2,768,2,0.9182958340544896,1,0.6666666666666666,767,0.8357235984354628,537,0.8044692737430168
logsumexp_x64,vector,dst,8,768,192,7.459147917027272,0,0.0078125,767,0.0,537,0.0
logsumexp_x64,vector,src1,8,768,17,2.2516291673878226,0,0.6666666666666666,767,0.7809647979139505,537,0.7262569832402235
logsumexp_x64,vector,src0,8,768,256,7.918295834054535,1,0.005208333333333333,767,0.0,537,0.0
logsumexp_x64,vector,mask,1,768,1,-0.0,0,1.0,767,1.0,537,1.0
logsumexp_x64,vector,optype,4,768,3,1.584962500721156,12,0.3333333333333333,767,0.6284224250325945,537,0.6294227188081937
logsumexp_x64,scalar,imm,1,448,1,-0.0,0,1.0,447,1.0,126,1.0
logsumexp_x64,scalar,connect,1,448,1,-0.0,0,1.0,447,1.0,126,1.0
logsumexp_x64,scalar,dst,8,448,112,6.807354922057591,4,0.008928571428571428,447,0.0,126,0.0
logsumexp_x64,scalar,src1,8,448,112,6.807354922057591,1,0.008928571428571428,447,0.0,126,0.0
logsumexp_x64,scalar,src0,8,448,112,6.807354922057591,0,0.008928571428571428,447,0.0,126,0.0
logsumexp_x64,scalar,mask,1,448,1,-0.0,0,1.0,447,1.0,126,1.0
logsumexp_x64,scalar,optype,4,448,2,0.9852281360342515,2,0.5714285714285714,447,0.5503355704697986,126,0.8174603174603174
logsumexp_x64,sfu,borrow,2,320,1,-0.0,2,1.0,319,1.0,0,0.0
logsumexp_x64,sfu,dst,8,320,144,7.121928094887366,14,0.0125,319,0.0,0,0.0
logsumexp_x64,sfu,src,8,320,144,7.121928094887366,13,0.0125,319,0.0,0,0.0
logsumexp_x64,sfu,is_vector,1,320,2,0.7219280948873623,1,0.8,319,0.6081504702194357,0,0.0
logsumexp_x64,sfu,rounds,8,320,2,0.7219280948873623,4,0.8,319,0.6081504702194357,0,0.0
logsumexp_x64,sfu,optype,4,320,2,0.7219280948873623,1,0.8,319,0.6081504702194357,0,0.0
