t,half,imm,connect,dst,src1,src0,mask,optype
0,00,0,00,00000000,00000000,00000000,0,0000
1,00,0,00,00000000,00000000,00000000,0,0000
2,00,0,00,00000000,00000000,00000000,0,0000
3,00,0,00,00000000,00000000,00000000,0,0000
4,00,0,00,00000000,00000000,00000000,0,0000
5,00,0,00,00000000,00000000,00000000,0,0000
6,00,0,00,00000000,00000000,00000000,0,0000
7,00,0,00,00000000,00000000,00000000,0,0000
8,00,0,00,00000000,00000000,00000000,0,0000
9,00,0,00,00000000,00000000,00000000,0,0000
10,00,0,00,00000000,00000000,00000000,0,0000
11,00,0,00,00000000,00000000,00000000,0,0000
12,00,0,00,00000000,00000000,00000000,0,0000
13,00,0,00,00000000,00000000,00000000,0,0000
14,00,0,00,00000000,00000000,00000000,0,0000
15,00,0,00,00000000,00000000,00000000,0,0000
16,00,0,00,00000000,00000000,00000000,0,0000
17,00,0,00,00000000,00000000,00000000,0,0000
18,00,0,00,00000000,00000000,00000000,0,0000
19,00,0,00,00000000,00000000,00000000,0,0000
20,00,0,00,00000000,00000000,00000000,0,0000
21,00,0,00,00000000,00000000,00000000,0,0000
22,00,0,00,00000000,00000000,00000000,0,0000
23,00,0,00,00000000,00000000,00000000,0,0000
24,00,0,00,00000000,00000000,00000000,0,0000
25,00,0,00,00000000,00000000,00000000,0,0000
26,00,0,00,00000000,00000000,00000000,0,0000
27,00,0,00,00000000,00000000,00000000,0,0000
28,00,0,00,00000000,00000000,00000000,0,0000
29,00,0,00,00000000,00000000,00000000,0,0000
30,00,0,00,00000000,00000000,00000000,0,0000
31,00,0,00,00000000,00000000,00000000,0,0000
32,00,0,00,00000000,00000000,00000000,0,0000
33,10,1,10,00000010,00000111,00000001,0,0010
34,00,0,00,00000000,00000000,00000000,0,0000
35,00,0,00,00000000,00000000,00000000,0,0000
36,00,0,00,00000000,00000000,00000000,0,0000
37,00,0,00,00000000,00000000,00000000,0,0000
38,00,0,00,00000000,00000000,00000000,0,0000
39,10,1,10,00000110,00000111,00000101,0,0010
40,00,0,00,00000000,00000000,00000000,0,0000
41,00,0,00,00000000,00000000,00000000,0,0000
42,00,0,00,00000000,00000000,00000000,0,0000
43,00,0,00,00000000,00000000,00000000,0,0000
44,00,0,00,00000000,00000000,00000000,0,0000
45,10,1,10,00001010,00000111,00001001,0,0010
46,00,0,00,00000000,00000000,00000000,0,0000
47,00,0,00,00000000,00000000,00000000,0,0000
48,00,0,00,00000000,00000000,00000000,0,0000
49,00,0,00,00000000,00000000,00000000,0,0000
50,00,0,00,00000000,00000000,00000000,0,0000
51,10,1,10,00001110,00000111,00001101,0,0010
52,00,0,00,00000000,00000000,00000000,0,0000
53,00,0,00,00000000,00000000,00000000,0,0000
54,00,0,00,00000000,00000000,00000000,0,0000
55,00,0,00,00000000,00000000,00000000,0,0000
56,00,0,00,00000000,00000000,00000000,0,0000
57,10,1,10,00010010,00000111,00010001,0,0010
58,00,0,00,00000000,00000000,00000000,0,0000
59,00,0,00,00000000,00000000,00000000,0,0000
60,00,0,00,00000000,00000000,00000000,0,0000
61,00,0,00,00000000,00000000,00000000,0,0000
62,00,0,00,00000000,00000000,00000000,0,0000
63,10,1,10,00010110,00000111,00010101,0,0010
64,00,0,00,00000000,00000000,00000000,0,0000
65,00,0,00,00000000,00000000,00000000,0,0000
66,00,0,00,00000000,00000000,00000000,0,0000
67,00,0,00,00000000,00000000,00000000,0,0000
68,00,0,00,00000000,00000000,00000000,0,0000
69,10,1,10,00011010,00000111,00011001,0,0010
70,00,0,00,00000000,00000000,00000000,0,0000
71,00,0,00,00000000,00000000,00000000,0,0000
72,00,0,00,00000000,00000000,00000000,0,0000
73,00,0,00,00000000,00000000,00000000,0,0000
74,00,0,00,00000000,00000000,00000000,0,0000
75,10,1,10,00011110,00000111,00011101,0,0010
76,00,0,00,00000000,00000000,00000000,0,0000
77,00,0,00,00000000,00000000,00000000,0,0000
78,00,0,00,00000000,00000000,00000000,0,0000
79,00,0,00,00000000,00000000,00000000,0,0000
80,00,0,00,00000000,00000000,00000000,0,0000
81,10,1,10,00100010,00000111,00100001,0,0010
82,00,0,00,00000000,00000000,00000000,0,0000
83,00,0,00,00000000,00000000,00000000,0,0000
84,00,0,00,00000000,00000000,00000000,0,0000
85,00,0,00,00000000,00000000,00000000,0,0000
86,00,0,00,00000000,00000000,00000000,0,0000
87,10,1,10,00100110,00000111,00100101,0,0010
88,00,0,00,00000000,00000000,00000000,0,0000
89,00,0,00,00000000,00000000,00000000,0,0000
90,00,0,00,00000000,00000000,00000000,0,0000
91,00,0,00,00000000,00000000,00000000,0,0000
92,00,0,00,00000000,00000000,00000000,0,0000
93,10,1,10,00101010,00000111,00101001,0,0010
94,00,0,00,00000000,00000000,00000000,0,0000
95,00,0,00,00000000,00000000,00000000,0,0000
96,00,0,00,00000000,00000000,00000000,0,0000
97,00,0,00,00000000,00000000,00000000,0,0000
98,00,0,00,00000000,00000000,00000000,0,0000
99,10,1,10,00101110,00000111,00101101,0,0010
100,00,0,00,00000000,00000000,00000000,0,0000
101,00,0,00,00000000,00000000,00000000,0,0000
102,00,0,00,00000000,00000000,00000000,0,0000
103,00,0,00,00000000,00000000,00000000,0,0000
104,00,0,00,00000000,00000000,00000000,0,0000
105,10,1,10,00110010,00000111,00110001,0,0010
106,00,0,00,00000000,00000000,00000000,0,0000
107,00,0,00,00000000,00000000,00000000,0,0000
108,00,0,00,00000000,00000000,00000000,0,0000
109,00,0,00,00000000,00000000,00000000,0,0000
110,00,0,00,00000000,00000000,00000000,0,0000
111,10,1,10,00110110,00000111,00110101,0,0010
112,00,0,00,00000000,00000000,00000000,0,0000
113,00,0,00,00000000,00000000,00000000,0,0000
114,00,0,00,00000000,00000000,00000000,0,0000
115,00,0,00,00000000,00000000,00000000,0,0000
116,00,0,00,00000000,00000000,00000000,0,0000
117,10,1,10,00111010,00000111,00111001,0,0010
118,00,0,00,00000000,00000000,00000000,0,0000
119,00,0,00,00000000,00000000,00000000,0,0000
120,00,0,00,00000000,00000000,00000000,0,0000
121,00,0,00,00000000,00000000,00000000,0,0000
122,00,0,00,00000000,00000000,00000000,0,0000
123,10,1,10,00111110,00000111,00111101,0,0010
124,00,0,00,00000000,00000000,00000000,0,0000
125,00,0,00,00000000,00000000,00000000,0,0000
126,00,0,00,00000000,00000000,00000000,0,0000
127,00,0,00,00000000,00000000,00000000,0,0000
128,00,0,00,00000000,00000000,00000000,0,0000
129,10,1,10,01000010,00000111,01000001,0,0010
130,00,0,00,00000000,00000000,00000000,0,0000
131,00,0,00,00000000,00000000,00000000,0,0000
132,00,0,00,00000000,00000000,00000000,0,0000
133,00,0,00,00000000,00000000,00000000,0,0000
134,00,0,00,00000000,00000000,00000000,0,0000
135,10,1,10,01000110,00000111,01000101,0,0010
136,00,0,00,00000000,00000000,00000000,0,0000
137,00,0,00,00000000,00000000,00000000,0,0000
138,00,0,00,00000000,00000000,00000000,0,0000
139,00,0,00,00000000,00000000,00000000,0,0000
140,00,0,00,00000000,00000000,00000000,0,0000
141,10,1,10,01001010,00000111,01001001,0,0010
142,00,0,00,00000000,00000000,00000000,0,0000
143,00,0,00,00000000,00000000,00000000,0,0000
144,00,0,00,00000000,00000000,00000000,0,0000
145,00,0,00,00000000,00000000,00000000,0,0000
146,00,0,00,00000000,00000000,00000000,0,0000
147,10,1,10,01001110,00000111,01001101,0,0010
148,00,0,00,00000000,00000000,00000000,0,0000
149,00,0,00,00000000,00000000,00000000,0,0000
150,00,0,00,00000000,00000000,00000000,0,0000
151,00,0,00,00000000,00000000,00000000,0,0000
152,00,0,00,00000000,00000000,00000000,0,0000
153,10,1,10,01010010,00000111,01010001,0,0010
154,00,0,00,00000000,00000000,00000000,0,0000
155,00,0,00,00000000,00000000,00000000,0,0000
156,00,0,00,00000000,00000000,00000000,0,0000
157,00,0,00,00000000,00000000,00000000,0,0000
158,00,0,00,00000000,00000000,00000000,0,0000
159,10,1,10,01010110,00000111,01010101,0,0010
160,00,0,00,00000000,00000000,00000000,0,0000
161,00,0,00,00000000,00000000,00000000,0,0000
162,00,0,00,00000000,00000000,00000000,0,0000
163,00,0,00,00000000,00000000,00000000,0,0000
164,00,0,00,00000000,00000000,00000000,0,0000
165,10,1,10,01011010,00000111,01011001,0,0010
166,00,0,00,00000000,00000000,00000000,0,0000
167,00,0,00,00000000,00000000,00000000,0,0000
168,00,0,00,00000000,00000000,00000000,0,0000
169,00,0,00,00000000,00000000,00000000,0,0000
170,00,0,00,00000000,00000000,00000000,0,0000
171,10,1,10,01011110,00000111,01011101,0,0010
172,00,0,00,00000000,00000000,00000000,0,0000
173,00,0,00,00000000,00000000,00000000,0,0000
174,00,0,00,00000000,00000000,00000000,0,0000
175,00,0,00,00000000,00000000,00000000,0,0000
176,00,0,00,00000000,00000000,00000000,0,0000
177,10,1,10,01100010,00000111,01100001,0,0010
178,00,0,00,00000000,00000000,00000000,0,0000
179,00,0,00,00000000,00000000,00000000,0,0000
180,00,0,00,00000000,00000000,00000000,0,0000
181,00,0,00,00000000,00000000,00000000,0,0000
182,00,0,00,00000000,00000000,00000000,0,0000
183,10,1,10,01100110,00000111,01100101,0,0010
184,00,0,00,00000000,00000000,00000000,0,0000
185,00,0,00,00000000,00000000,00000000,0,0000
186,00,0,00,00000000,00000000,00000000,0,0000
187,00,0,00,00000000,00000000,00000000,0,0000
188,00,0,00,00000000,00000000,00000000,0,0000
189,10,1,10,01101010,00000111,01101001,0,0010
190,00,0,00,00000000,00000000,00000000,0,0000
191,00,0,00,00000000,00000000,00000000,0,0000
192,00,0,00,00000000,00000000,00000000,0,0000
193,00,0,00,00000000,00000000,00000000,0,0000
194,00,0,00,00000000,00000000,00000000,0,0000
195,10,1,10,01101110,00000111,01101101,0,0010
196,00,0,00,00000000,00000000,00000000,0,0000
197,00,0,00,00000000,00000000,00000000,0,0000
198,00,0,00,00000000,00000000,00000000,0,0000
199,00,0,00,00000000,00000000,00000000,0,0000
200,00,0,00,00000000,00000000,00000000,0,0000
201,10,1,10,01110010,00000111,01110001,0,0010
202,00,0,00,00000000,00000000,00000000,0,0000
203,00,0,00,00000000,00000000,00000000,0,0000
204,00,0,00,00000000,00000000,00000000,0,0000
205,00,0,00,00000000,00000000,00000000,0,0000
206,00,0,00,00000000,00000000,00000000,0,0000
207,10,1,10,01110110,00000111,01110101,0,0010
208,00,0,00,00000000,00000000,00000000,0,0000
209,00,0,00,00000000,00000000,00000000,0,0000
210,00,0,00,00000000,00000000,00000000,0,0000
211,00,0,00,00000000,00000000,00000000,0,0000
212,00,0,00,00000000,00000000,00000000,0,0000
213,10,1,10,01111010,00000111,01111001,0,0010
214,00,0,00,00000000,00000000,00000000,0,0000
215,00,0,00,00000000,00000000,00000000,0,0000
216,00,0,00,00000000,00000000,00000000,0,0000
217,00,0,00,00000000,00000000,00000000,0,0000
218,00,0,00,00000000,00000000,00000000,0,0000
219,10,1,10,01111110,00000111,01111101,0,0010
220,00,0,00,00000000,00000000,00000000,0,0000
221,00,0,00,00000000,00000000,00000000,0,0000
222,00,0,00,00000000,00000000,00000000,0,0000
223,00,0,00,00000000,00000000,00000000,0,0000
224,00,0,00,00000000,00000000,00000000,0,0000
225,10,1,10,10000010,00000111,10000001,0,0010
226,00,0,00,00000000,00000000,00000000,0,0000
227,00,0,00,00000000,00000000,00000000,0,0000
228,00,0,00,00000000,00000000,00000000,0,0000
229,00,0,00,00000000,00000000,00000000,0,0000
230,00,0,00,00000000,00000000,00000000,0,0000
231,10,1,10,10000110,00000111,10000101,0,0010
232,00,0,00,00000000,00000000,00000000,0,0000
233,00,0,00,00000000,00000000,00000000,0,0000
234,00,0,00,00000000,00000000,00000000,0,0000
235,00,0,00,00000000,00000000,00000000,0,0000
236,00,0,00,00000000,00000000,00000000,0,0000
237,10,1,10,10001010,00000111,10001001,0,0010
238,00,0,00,00000000,00000000,00000000,0,0000
239,00,0,00,00000000,00000000,00000000,0,0000
240,00,0,00,00000000,00000000,00000000,0,0000
241,00,0,00,00000000,00000000,00000000,0,0000
242,00,0,00,00000000,00000000,00000000,0,0000
243,10,1,10,10001110,00000111,10001101,0,0010
244,00,0,00,00000000,00000000,00000000,0,0000
245,00,0,00,00000000,00000000,00000000,0,0000
246,00,0,00,00000000,00000000,00000000,0,0000
247,00,0,00,00000000,00000000,00000000,0,0000
248,00,0,00,00000000,00000000,00000000,0,0000
249,10,1,10,10010010,00000111,10010001,0,0010
250,00,0,00,00000000,00000000,00000000,0,0000
251,00,0,00,00000000,00000000,00000000,0,0000
252,00,0,00,00000000,00000000,00000000,0,0000
253,00,0,00,00000000,00000000,00000000,0,0000
254,00,0,00,00000000,00000000,00000000,0,0000
255,10,1,10,10010110,00000111,10010101,0,0010
256,00,0,00,00000000,00000000,00000000,0,0000
257,00,0,00,00000000,00000000,00000000,0,0000
258,00,0,00,00000000,00000000,00000000,0,0000
259,00,0,00,00000000,00000000,00000000,0,0000
260,00,0,00,00000000,00000000,00000000,0,0000
261,10,1,10,10011010,00000111,10011001,0,0010
262,00,0,00,00000000,00000000,00000000,0,0000
263,00,0,00,00000000,00000000,00000000,0,0000
264,00,0,00,00000000,00000000,00000000,0,0000
265,00,0,00,00000000,00000000,00000000,0,0000
266,00,0,00,00000000,00000000,00000000,0,0000
267,10,1,10,10011110,00000111,10011101,0,0010
268,00,0,00,00000000,00000000,00000000,0,0000
269,00,0,00,00000000,00000000,00000000,0,0000
270,00,0,00,00000000,00000000,00000000,0,0000
271,00,0,00,00000000,00000000,00000000,0,0000
272,00,0,00,00000000,00000000,00000000,0,0000
273,10,1,10,10100010,00000111,10100001,0,0010
274,00,0,00,00000000,00000000,00000000,0,0000
275,00,0,00,00000000,00000000,00000000,0,0000
276,00,0,00,00000000,00000000,00000000,0,0000
277,00,0,00,00000000,00000000,00000000,0,0000
278,00,0,00,00000000,00000000,00000000,0,0000
279,10,1,10,10100110,00000111,10100101,0,0010
280,00,0,00,00000000,00000000,00000000,0,0000
281,00,0,00,00000000,00000000,00000000,0,0000
282,00,0,00,00000000,00000000,00000000,0,0000
283,00,0,00,00000000,00000000,00000000,0,0000
284,00,0,00,00000000,00000000,00000000,0,0000
285,10,1,10,10101010,00000111,10101001,0,0010
286,00,0,00,00000000,00000000,00000000,0,0000
287,00,0,00,00000000,00000000,00000000,0,0000
288,00,0,00,00000000,00000000,00000000,0,0000
289,00,0,00,00000000,00000000,00000000,0,0000
290,00,0,00,00000000,00000000,00000000,0,0000
291,10,1,10,10101110,00000111,10101101,0,0010
292,00,0,00,00000000,00000000,00000000,0,0000
293,00,0,00,00000000,00000000,00000000,0,0000
294,00,0,00,00000000,00000000,00000000,0,0000
295,00,0,00,00000000,00000000,00000000,0,0000
296,00,0,00,00000000,00000000,00000000,0,0000
297,10,1,10,10110010,00000111,10110001,0,0010
298,00,0,00,00000000,00000000,00000000,0,0000
299,00,0,00,00000000,00000000,00000000,0,0000
300,00,0,00,00000000,00000000,00000000,0,0000
301,00,0,00,00000000,00000000,00000000,0,0000
302,00,0,00,00000000,00000000,00000000,0,0000
303,10,1,10,10110110,00000111,10110101,0,0010
304,00,0,00,00000000,00000000,00000000,0,0000
305,00,0,00,00000000,00000000,00000000,0,0000
306,00,0,00,00000000,00000000,00000000,0,0000
307,00,0,00,00000000,00000000,00000000,0,0000
308,00,0,00,00000000,00000000,00000000,0,0000
309,10,1,10,10111010,00000111,10111001,0,0010
310,00,0,00,00000000,00000000,00000000,0,0000
311,00,0,00,00000000,00000000,00000000,0,0000
312,00,0,00,00000000,00000000,00000000,0,0000
313,00,0,00,00000000,00000000,00000000,0,0000
314,00,0,00,00000000,00000000,00000000,0,0000
315,10,1,10,10111110,00000111,10111101,0,0010
316,00,0,00,00000000,00000000,00000000,0,0000
317,00,0,00,00000000,00000000,00000000,0,0000
318,00,0,00,00000000,00000000,00000000,0,0000
319,00,0,00,00000000,00000000,00000000,0,0000
320,00,0,00,00000000,00000000,00000000,0,0000
321,10,1,10,11000010,00000111,11000001,0,0010
322,00,0,00,00000000,00000000,00000000,0,0000
323,00,0,00,00000000,00000000,00000000,0,0000
324,00,0,00,00000000,00000000,00000000,0,0000
325,00,0,00,00000000,00000000,00000000,0,0000
326,00,0,00,00000000,00000000,00000000,0,0000
327,10,1,10,11000110,00000111,11000101,0,0010
328,00,0,00,00000000,00000000,00000000,0,0000
329,00,0,00,00000000,00000000,00000000,0,0000
330,00,0,00,00000000,00000000,00000000,0,0000
331,00,0,00,00000000,00000000,00000000,0,0000
332,00,0,00,00000000,00000000,00000000,0,0000
333,10,1,10,11001010,00000111,11001001,0,0010
334,00,0,00,00000000,00000000,00000000,0,0000
335,00,0,00,00000000,00000000,00000000,0,0000
336,00,0,00,00000000,00000000,00000000,0,0000
337,00,0,00,00000000,00000000,00000000,0,0000
338,00,0,00,00000000,00000000,00000000,0,0000
339,10,1,10,11001110,00000111,11001101,0,0010
340,00,0,00,00000000,00000000,00000000,0,0000
341,00,0,00,00000000,00000000,00000000,0,0000
342,00,0,00,00000000,00000000,00000000,0,0000
343,00,0,00,00000000,00000000,00000000,0,0000
344,00,0,00,00000000,00000000,00000000,0,0000
345,10,1,10,11010010,00000111,11010001,0,0010
346,00,0,00,00000000,00000000,00000000,0,0000
347,00,0,00,00000000,00000000,00000000,0,0000
348,00,0,00,00000000,00000000,00000000,0,0000
349,00,0,00,00000000,00000000,00000000,0,0000
350,00,0,00,00000000,00000000,00000000,0,0000
351,10,1,10,11010110,00000111,11010101,0,0010
352,00,0,00,00000000,00000000,00000000,0,0000
353,00,0,00,00000000,00000000,00000000,0,0000
354,00,0,00,00000000,00000000,00000000,0,0000
355,00,0,00,00000000,00000000,00000000,0,0000
356,00,0,00,00000000,00000000,00000000,0,0000
357,10,1,10,11011010,00000111,11011001,0,0010
358,00,0,00,00000000,00000000,00000000,0,0000
359,00,0,00,00000000,00000000,00000000,0,0000
360,00,0,00,00000000,00000000,00000000,0,0000
361,00,0,00,00000000,00000000,00000000,0,0000
362,00,0,00,00000000,00000000,00000000,0,0000
363,10,1,10,11011110,00000111,11011101,0,0010
364,00,0,00,00000000,00000000,00000000,0,0000
365,00,0,00,00000000,00000000,00000000,0,0000
366,00,0,00,00000000,00000000,00000000,0,0000
367,00,0,00,00000000,00000000,00000000,0,0000
368,00,0,00,00000000,00000000,00000000,0,0000
369,10,1,10,11100010,00000111,11100001,0,0010
370,00,0,00,00000000,00000000,00000000,0,0000
371,00,0,00,00000000,00000000,00000000,0,0000
372,00,0,00,00000000,00000000,00000000,0,0000
373,00,0,00,00000000,00000000,00000000,0,0000
374,00,0,00,00000000,00000000,00000000,0,0000
375,10,1,10,11100110,00000111,11100101,0,0010
376,00,0,00,00000000,00000000,00000000,0,0000
377,00,0,00,00000000,00000000,00000000,0,0000
378,00,0,00,00000000,00000000,00000000,0,0000
379,00,0,00,00000000,00000000,00000000,0,0000
380,00,0,00,00000000,00000000,00000000,0,0000
381,10,1,10,11101010,00000111,11101001,0,0010
382,00,0,00,00000000,00000000,00000000,0,0000
383,00,0,00,00000000,00000000,00000000,0,0000
384,00,0,00,00000000,00000000,00000000,0,0000
385,00,0,00,00000000,00000000,00000000,0,0000
386,00,0,00,00000000,00000000,00000000,0,0000
387,10,1,10,11101110,00000111,11101101,0,0010
388,00,0,00,00000000,00000000,00000000,0,0000
389,00,0,00,00000000,00000000,00000000,0,0000
390,00,0,00,00000000,00000000,00000000,0,0000
391,00,0,00,00000000,00000000,00000000,0,0000
392,00,0,00,00000000,00000000,00000000,0,0000
393,10,1,10,11110010,00000111,11110001,0,0010
394,00,0,00,00000000,00000000,00000000,0,0000
395,00,0,00,00000000,00000000,00000000,0,0000
396,00,0,00,00000000,00000000,00000000,0,0000
397,00,0,00,00000000,00000000,00000000,0,0000
398,00,0,00,00000000,00000000,00000000,0,0000
399,10,1,10,11110110,00000111,11110101,0,0010
400,00,0,00,00000000,00000000,00000000,0,0000
401,00,0,00,00000000,00000000,00000000,0,0000
402,00,0,00,00000000,00000000,00000000,0,0000
403,00,0,00,00000000,00000000,00000000,0,0000
404,00,0,00,00000000,00000000,00000000,0,0000
405,10,1,10,11111010,00000111,11111001,0,0010
406,00,0,00,00000000,00000000,00000000,0,0000
407,00,0,00,00000000,00000000,00000000,0,0000
408,00,0,00,00000000,00000000,00000000,0,0000
409,00,0,00,00000000,00000000,00000000,0,0000
410,00,0,00,00000000,00000000,00000000,0,0000
411,10,1,10,11111110,00000111,11111101,0,0010
412,00,0,00,00000000,00000000,00000000,0,0000
413,00,0,00,00000000,00000000,00000000,0,0000
414,00,0,00,00000000,00000000,00000000,0,0000
415,00,0,00,00000000,00000000,00000000,0,0000
416,00,0,00,00000000,00000000,00000000,0,0000
417,00,0,00,00000000,00000000,00000000,0,0000
418,00,0,00,00000000,00000000,00000000,0,0000
419,00,0,00,00000000,00000000,00000000,0,0000
420,00,0,00,00000000,00000000,00000000,0,0000
421,00,0,00,00000000,00000000,00000000,0,0000
422,00,0,00,00000000,00000000,00000000,0,0000
423,00,0,00,00000000,00000000,00000000,0,0000
424,00,0,00,00000000,00000000,00000000,0,0000
425,00,0,00,00000000,00000000,00000000,0,0000
426,00,0,00,00000000,00000000,00000000,0,0000
427,00,0,00,00000000,00000000,00000000,0,0000
428,00,0,00,00000000,00000000,00000000,0,0000
429,00,0,00,00000000,00000000,00000000,0,0000
430,00,0,00,00000000,00000000,00000000,0,0000
431,00,0,00,00000000,00000000,00000000,0,0000
432,00,0,00,00000000,00000000,00000000,0,0000
433,00,0,00,00000000,00000000,00000000,0,0000
434,00,0,00,00000000,00000000,00000000,0,0000
435,00,0,00,00000000,00000000,00000000,0,0000
436,00,0,00,00000000,00000000,00000000,0,0000
437,00,0,00,00000000,00000000,00000000,0,0000
438,00,0,00,00000000,00000000,00000000,0,0000
439,00,0,00,00000000,00000000,00000000,0,0000
440,00,0,00,00000000,00000000,00000000,0,0000
441,00,0,00,00000000,00000000,00000000,0,0000
442,00,0,00,00000000,00000000,00000000,0,0000
443,00,0,00,00000000,00000000,00000000,0,0000
444,00,0,00,00000000,00000000,00000000,0,0000
445,00,0,00,00000000,00000000,00000000,0,0000
446,00,0,00,00000000,00000000,00000000,0,0000
447,00,0,00,00000000,00000000,00000000,0,0000
448,00,0,00,00000000,00000000,00000000,0,0000
449,00,0,00,00000000,00000000,00000000,0,0000
450,00,0,00,00000000,00000000,00000000,0,0000
451,00,0,00,00000000,00000000,00000000,0,0000
452,00,0,00,00000000,00000000,00000000,0,0000
453,00,0,00,00000000,00000000,00000000,0,0000
454,00,0,00,00000000,00000000,00000000,0,0000
455,00,0,00,00000000,00000000,00000000,0,0000
456,00,0,00,00000000,00000000,00000000,0,0000
457,00,0,00,00000000,00000000,00000000,0,0000
458,00,0,00,00000000,00000000,00000000,0,0000
459,00,0,00,00000000,00000000,00000000,0,0000
460,00,0,00,00000000,00000000,00000000,0,0000
461,00,0,00,00000000,00000000,00000000,0,0000
462,00,0,00,00000000,00000000,00000000,0,0000
463,00,0,00,00000000,00000000,00000000,0,0000
464,00,0,00,00000000,00000000,00000000,0,0000
465,00,0,00,00000000,00000000,00000000,0,0000
466,00,0,00,00000000,00000000,00000000,0,0000
467,00,0,00,00000000,00000000,00000000,0,0000
468,00,0,00,00000000,00000000,00000000,0,0000
469,00,0,00,00000000,00000000,00000000,0,0000
470,00,0,00,00000000,00000000,00000000,0,0000
471,00,0,00,00000000,00000000,00000000,0,0000
472,00,0,00,00000000,00000000,00000000,0,0000
473,00,0,00,00000000,00000000,00000000,0,0000
474,00,0,00,00000000,00000000,00000000,0,0000
475,00,0,00,00000000,00000000,00000000,0,0000
476,00,0,00,00000000,00000000,00000000,0,0000
477,00,0,00,00000000,00000000,00000000,0,0000
478,00,0,00,00000000,00000000,00000000,0,0000
479,00,0,00,00000000,00000000,00000000,0,0000
480,00,0,00,00000000,00000000,00000000,0,0000
481,00,0,00,00000000,00000000,00000000,0,0000
482,00,0,00,00000000,00000000,00000000,0,0000
483,00,0,00,00000000,00000000,00000000,0,0000
484,00,0,00,00000000,00000000,00000000,0,0000
485,00,0,00,00000000,00000000,00000000,0,0000
486,00,0,00,00000000,00000000,00000000,0,0000
487,00,0,00,00000000,00000000,00000000,0,0000
488,00,0,00,00000000,00000000,00000000,0,0000
489,00,0,00,00000000,00000000,00000000,0,0000
490,00,0,00,00000000,00000000,00000000,0,0000
491,00,0,00,00000000,00000000,00000000,0,0000
492,00,0,00,00000000,00000000,00000000,0,0000
493,00,0,00,00000000,00000000,00000000,0,0000
494,00,0,00,00000000,00000000,00000000,0,0000
495,00,0,00,00000000,00000000,00000000,0,0000
496,00,0,00,00000000,00000000,00000000,0,0000
497,00,0,00,00000000,00000000,00000000,0,0000
498,00,0,00,00000000,00000000,00000000,0,0000
499,00,0,00,00000000,00000000,00000000,0,0000
500,00,0,00,00000000,00000000,00000000,0,0000
501,00,0,00,00000000,00000000,00000000,0,0000
502,00,0,00,00000000,00000000,00000000,0,0000
503,00,0,00,00000000,00000000,00000000,0,0000
504,00,0,00,00000000,00000000,00000000,0,0000
505,00,0,00,00000000,00000000,00000000,0,0000
506,00,0,00,00000000,00000000,00000000,0,0000
507,00,0,00,00000000,00000000,00000000,0,0000
508,00,0,00,00000000,00000000,00000000,0,0000
509,00,0,00,00000000,00000000,00000000,0,0000
510,00,0,00,00000000,00000000,00000000,0,0000
511,00,0,00,00000000,00000000,00000000,0,0000
512,00,0,00,00000000,00000000,00000000,0,0000
513,00,0,00,00000000,00000000,00000000,0,0000
514,00,0,00,00000000,00000000,00000000,0,0000
515,00,0,00,00000000,00000000,00000000,0,0000
516,00,0,00,00000000,00000000,00000000,0,0000
517,00,0,00,00000000,00000000,00000000,0,0000
518,00,0,00,00000000,00000000,00000000,0,0000
519,00,0,00,00000000,00000000,00000000,0,0000
520,00,0,00,00000000,00000000,00000000,0,0000
521,00,0,00,00000000,00000000,00000000,0,0000
522,00,0,00,00000000,00000000,00000000,0,0000
523,00,0,00,00000000,00000000,00000000,0,0000
524,00,0,00,00000000,00000000,00000000,0,0000
525,00,0,00,00000000,00000000,00000000,0,0000
526,00,0,00,00000000,00000000,00000000,0,0000
527,00,0,00,00000000,00000000,00000000,0,0000
528,00,0,00,00000000,00000000,00000000,0,0000
529,00,0,00,00000000,00000000,00000000,0,0000
530,00,0,00,00000000,00000000,00000000,0,0000
531,00,0,00,00000000,00000000,00000000,0,0000
532,00,0,00,00000000,00000000,00000000,0,0000
533,00,0,00,00000000,00000000,00000000,0,0000
534,00,0,00,00000000,00000000,00000000,0,0000
535,00,0,00,00000000,00000000,00000000,0,0000
536,00,0,00,00000000,00000000,00000000,0,0000
537,00,0,00,00000000,00000000,00000000,0,0000
538,00,0,00,00000000,00000000,00000000,0,0000
539,00,0,00,00000000,00000000,00000000,0,0000
540,00,0,00,00000000,00000000,00000000,0,0000
541,00,0,00,00000000,00000000,00000000,0,0000
542,00,0,00,00000000,00000000,00000000,0,0000
543,00,0,00,00000000,00000000,00000000,0,0000
544,00,0,00,00000000,00000000,00000000,0,0000
545,00,0,00,00000000,00000000,00000000,0,0000
546,00,0,00,00000000,00000000,00000000,0,0000
547,00,0,00,00000000,00000000,00000000,0,0000
548,00,0,00,00000000,00000000,00000000,0,0000
549,00,0,00,00000000,00000000,00000000,0,0000
550,00,0,00,00000000,00000000,00000000,0,0000
551,00,0,00,00000000,00000000,00000000,0,0000
552,00,0,00,00000000,00000000,00000000,0,0000
553,00,0,00,00000000,00000000,00000000,0,0000
554,00,0,00,00000000,00000000,00000000,0,0000
555,00,0,00,00000000,00000000,00000000,0,0000
556,00,0,00,00000000,00000000,00000000,0,0000
557,00,0,00,00000000,00000000,00000000,0,0000
558,00,0,00,00000000,00000000,00000000,0,0000
559,00,0,00,00000000,00000000,00000000,0,0000
560,00,0,00,00000000,00000000,00000000,0,0000
561,00,0,00,00000000,00000000,00000000,0,0000
562,00,0,00,00000000,00000000,00000000,0,0000
563,00,0,00,00000000,00000000,00000000,0,0000
564,00,0,00,00000000,00000000,00000000,0,0000
565,00,0,00,00000000,00000000,00000000,0,0000
566,00,0,00,00000000,00000000,00000000,0,0000
567,00,0,00,00000000,00000000,00000000,0,0000
568,00,0,00,00000000,00000000,00000000,0,0000
569,00,0,00,00000000,00000000,00000000,0,0000
570,00,0,00,00000000,00000000,00000000,0,0000
571,00,0,00,00000000,00000000,00000000,0,0000
572,00,0,00,00000000,00000000,00000000,0,0000
573,00,0,00,00000000,00000000,00000000,0,0000
574,00,0,00,00000000,00000000,00000000,0,0000
575,00,0,00,00000000,00000000,00000000,0,0000
576,00,0,00,00000000,00000000,00000000,0,0000
577,00,0,00,00000000,00000000,00000000,0,0000
578,00,0,00,00000000,00000000,00000000,0,0000
579,00,0,00,00000000,00000000,00000000,0,0000
580,00,0,00,00000000,00000000,00000000,0,0000
581,00,0,00,00000000,00000000,00000000,0,0000
582,00,0,00,00000000,00000000,00000000,0,0000
583,00,0,00,00000000,00000000,00000000,0,0000
584,00,0,00,00000000,00000000,00000000,0,0000
585,00,0,00,00000000,00000000,00000000,0,0000
586,00,0,00,00000000,00000000,00000000,0,0000
587,00,0,00,00000000,00000000,00000000,0,0000
588,00,0,00,00000000,00000000,00000000,0,0000
589,00,0,00,00000000,00000000,00000000,0,0000
590,00,0,00,00000000,00000000,00000000,0,0000
591,00,0,00,00000000,00000000,00000000,0,0000
592,00,0,00,00000000,00000000,00000000,0,0000
593,00,0,00,00000000,00000000,00000000,0,0000
594,00,0,00,00000000,00000000,00000000,0,0000
595,00,0,00,00000000,00000000,00000000,0,0000
596,00,0,00,00000000,00000000,00000000,0,0000
597,00,0,00,00000000,00000000,00000000,0,0000
598,00,0,00,00000000,00000000,00000000,0,0000
599,00,0,00,00000000,00000000,00000000,0,0000
600,00,0,00,00000000,00000000,00000000,0,0000
601,00,0,00,00000000,00000000,00000000,0,0000
602,00,0,00,00000000,00000000,00000000,0,0000
603,00,0,00,00000000,00000000,00000000,0,0000
604,00,0,00,00000000,00000000,00000000,0,0000
605,00,0,00,00000000,00000000,00000000,0,0000
606,00,0,00,00000000,00000000,00000000,0,0000
607,00,0,00,00000000,00000000,00000000,0,0000
608,00,0,00,00000000,00000000,00000000,0,0000
609,00,0,00,00000000,00000000,00000000,0,0000
610,00,0,00,00000000,00000000,00000000,0,0000
611,00,0,00,00000000,00000000,00000000,0,0000
612,00,0,00,00000000,00000000,00000000,0,0000
613,00,0,00,00000000,00000000,00000000,0,0000
614,00,0,00,00000000,00000000,00000000,0,0000
615,00,0,00,00000000,00000000,00000000,0,0000
616,00,0,00,00000000,00000000,00000000,0,0000
617,00,0,00,00000000,00000000,00000000,0,0000
618,00,0,00,00000000,00000000,00000000,0,0000
619,00,0,00,00000000,00000000,00000000,0,0000
620,00,0,00,00000000,00000000,00000000,0,0000
621,00,0,00,00000000,00000000,00000000,0,0000
622,00,0,00,00000000,00000000,00000000,0,0000
623,00,0,00,00000000,00000000,00000000,0,0000
624,00,0,00,00000000,00000000,00000000,0,0000
625,00,0,00,00000000,00000000,00000000,0,0000
626,00,0,00,00000000,00000000,00000000,0,0000
627,00,0,00,00000000,00000000,00000000,0,0000
628,00,0,00,00000000,00000000,00000000,0,0000
629,00,0,00,00000000,00000000,00000000,0,0000
630,00,0,00,00000000,00000000,00000000,0,0000
631,00,0,00,00000000,00000000,00000000,0,0000
632,00,0,00,00000000,00000000,00000000,0,0000
633,00,0,00,00000000,00000000,00000000,0,0000
634,00,0,00,00000000,00000000,00000000,0,0000
635,00,0,00,00000000,00000000,00000000,0,0000
636,00,0,00,00000000,00000000,00000000,0,0000
637,00,0,00,00000000,00000000,00000000,0,0000
638,00,0,00,00000000,00000000,00000000,0,0000
639,00,0,00,00000000,00000000,00000000,0,0000
640,00,0,00,00000000,00000000,00000000,0,0000
641,00,0,00,00000000,00000000,00000000,0,0000
642,00,0,00,00000000,00000000,00000000,0,0000
643,00,0,00,00000000,00000000,00000000,0,0000
644,00,0,00,00000000,00000000,00000000,0,0000
645,00,0,00,00000000,00000000,00000000,0,0000
646,00,0,00,00000000,00000000,00000000,0,0000
647,00,0,00,00000000,00000000,00000000,0,0000
648,00,0,00,00000000,00000000,00000000,0,0000
649,00,0,00,00000000,00000000,00000000,0,0000
650,00,0,00,00000000,00000000,00000000,0,0000
651,00,0,00,00000000,00000000,00000000,0,0000
652,00,0,00,00000000,00000000,00000000,0,0000
653,00,0,00,00000000,00000000,00000000,0,0000
654,00,0,00,00000000,00000000,00000000,0,0000
655,00,0,00,00000000,00000000,00000000,0,0000
656,00,0,00,00000000,00000000,00000000,0,0000
657,00,0,00,00000000,00000000,00000000,0,0000
658,00,0,00,00000000,00000000,00000000,0,0000
659,00,0,00,00000000,00000000,00000000,0,0000
660,00,0,00,00000000,00000000,00000000,0,0000
661,00,0,00,00000000,00000000,00000000,0,0000
662,00,0,00,00000000,00000000,00000000,0,0000
663,00,0,00,00000000,00000000,00000000,0,0000
664,00,0,00,00000000,00000000,00000000,0,0000
665,00,0,00,00000000,00000000,00000000,0,0000
666,00,0,00,00000000,00000000,00000000,0,0000
667,00,0,00,00000000,00000000,00000000,0,0000
668,00,0,00,00000000,00000000,00000000,0,0000
669,00,0,00,00000000,00000000,00000000,0,0000
670,00,0,00,00000000,00000000,00000000,0,0000
671,00,0,00,00000000,00000000,00000000,0,0000
672,00,0,00,00000000,00000000,00000000,0,0000
673,00,0,00,00000000,00000000,00000000,0,0000
674,00,0,00,00000000,00000000,00000000,0,0000
675,00,0,00,00000000,00000000,00000000,0,0000
676,00,0,00,00000000,00000000,00000000,0,0000
677,00,0,00,00000000,00000000,00000000,0,0000
678,00,0,00,00000000,00000000,00000000,0,0000
679,00,0,00,00000000,00000000,00000000,0,0000
680,00,0,00,00000000,00000000,00000000,0,0000
681,00,0,00,00000000,00000000,00000000,0,0000
682,00,0,00,00000000,00000000,00000000,0,0000
683,00,0,00,00000000,00000000,00000000,0,0000
684,00,0,00,00000000,00000000,00000000,0,0000
685,00,0,00,00000000,00000000,00000000,0,0000
686,00,0,00,00000000,00000000,00000000,0,0000
687,00,0,00,00000000,00000000,00000000,0,0000
688,00,0,00,00000000,00000000,00000000,0,0000
689,00,0,00,00000000,00000000,00000000,0,0000
690,00,0,00,00000000,00000000,00000000,0,0000
691,00,0,00,00000000,00000000,00000000,0,0000
692,00,0,00,00000000,00000000,00000000,0,0000
693,00,0,00,00000000,00000000,00000000,0,0000
694,00,0,00,00000000,00000000,00000000,0,0000
695,00,0,00,00000000,00000000,00000000,0,0000
696,00,0,00,00000000,00000000,00000000,0,0000
697,00,0,00,00000000,00000000,00000000,0,0000
698,00,0,00,00000000,00000000,00000000,0,0000
699,00,0,00,00000000,00000000,00000000,0,0000
700,00,0,00,00000000,00000000,00000000,0,0000
701,00,0,00,00000000,00000000,00000000,0,0000
702,00,0,00,00000000,00000000,00000000,0,0000
703,00,0,00,00000000,00000000,00000000,0,0000
704,00,0,00,00000000,00000000,00000000,0,0000
705,00,0,00,00000000,00000000,00000000,0,0000
706,00,0,00,00000000,00000000,00000000,0,0000
707,00,0,00,00000000,00000000,00000000,0,0000
708,00,0,00,00000000,00000000,00000000,0,0000
709,00,0,00,00000000,00000000,00000000,0,0000
710,00,0,00,00000000,00000000,00000000,0,0000
711,00,0,00,00000000,00000000,00000000,0,0000
712,00,0,00,00000000,00000000,00000000,0,0000
713,00,0,00,00000000,00000000,00000000,0,0000
714,00,0,00,00000000,00000000,00000000,0,0000
715,00,0,00,00000000,00000000,00000000,0,0000
716,00,0,00,00000000,00000000,00000000,0,0000
717,00,0,00,00000000,00000000,00000000,0,0000
718,00,0,00,00000000,00000000,00000000,0,0000
719,00,0,00,00000000,00000000,00000000,0,0000
720,00,0,00,00000000,00000000,00000000,0,0000
721,00,0,00,00000000,00000000,00000000,0,0000
722,00,0,00,00000000,00000000,00000000,0,0000
723,00,0,00,00000000,00000000,00000000,0,0000
724,00,0,00,00000000,00000000,00000000,0,0000
725,00,0,00,00000000,00000000,00000000,0,0000
726,00,0,00,00000000,00000000,00000000,0,0000
727,00,0,00,00000000,00000000,00000000,0,0000
728,00,0,00,00000000,00000000,00000000,0,0000
729,00,0,00,00000000,00000000,00000000,0,0000
730,00,0,00,00000000,00000000,00000000,0,0000
731,00,0,00,00000000,00000000,00000000,0,0000
732,00,0,00,00000000,00000000,00000000,0,0000
733,00,0,00,00000000,00000000,00000000,0,0000
734,00,0,00,00000000,00000000,00000000,0,0000
735,00,0,00,00000000,00000000,00000000,0,0000
736,00,0,00,00000000,00000000,00000000,0,0000
737,00,0,00,00000000,00000000,00000000,0,0000
738,00,0,00,00000000,00000000,00000000,0,0000
739,00,0,00,00000000,00000000,00000000,0,0000
740,00,0,00,00000000,00000000,00000000,0,0000
741,00,0,00,00000000,00000000,00000000,0,0000
742,00,0,00,00000000,00000000,00000000,0,0000
743,00,0,00,00000000,00000000,00000000,0,0000
744,00,0,00,00000000,00000000,00000000,0,0000
745,00,0,00,00000000,00000000,00000000,0,0000
746,00,0,00,00000000,00000000,00000000,0,0000
747,00,0,00,00000000,00000000,00000000,0,0000
748,00,0,00,00000000,00000000,00000000,0,0000
749,00,0,00,00000000,00000000,00000000,0,0000
750,00,0,00,00000000,00000000,00000000,0,0000
751,00,0,00,00000000,00000000,00000000,0,0000
752,00,0,00,00000000,00000000,00000000,0,0000
753,00,0,00,00000000,00000000,00000000,0,0000
754,00,0,00,00000000,00000000,00000000,0,0000
755,00,0,00,00000000,00000000,00000000,0,0000
756,00,0,00,00000000,00000000,00000000,0,0000
757,00,0,00,00000000,00000000,00000000,0,0000
758,00,0,00,00000000,00000000,00000000,0,0000
759,00,0,00,00000000,00000000,00000000,0,0000
760,00,0,00,00000000,00000000,00000000,0,0000
761,00,0,00,00000000,00000000,00000000,0,0000
762,00,0,00,00000000,00000000,00000000,0,0000
763,00,0,00,00000000,00000000,00000000,0,0000
764,00,0,00,00000000,00000000,00000000,0,0000
765,00,0,00,00000000,00000000,00000000,0,0000
766,00,0,00,00000000,00000000,00000000,0,0000
767,00,0,00,00000000,00000000,00000000,0,0000
768,00,0,00,00000000,00000000,00000000,0,0000
769,00,0,00,00000000,00000000,00000000,0,0000
770,00,0,00,00000000,00000000,00000000,0,0000
771,00,0,00,00000000,00000000,00000000,0,0000
772,00,0,00,00000000,00000000,00000000,0,0000
773,00,0,00,00000000,00000000,00000000,0,0000
774,00,0,00,00000000,00000000,00000000,0,0000
775,00,0,00,00000000,00000000,00000000,0,0000
776,00,0,00,00000000,00000000,00000000,0,0000
777,00,0,00,00000000,00000000,00000000,0,0000
778,00,0,00,00000000,00000000,00000000,0,0000
779,00,0,00,00000000,00000000,00000000,0,0000
780,00,0,00,00000000,00000000,00000000,0,0000
781,00,0,00,00000000,00000000,00000000,0,0000
782,00,0,00,00000000,00000000,00000000,0,0000
783,00,0,00,00000000,00000000,00000000,0,0000
784,00,0,00,00000000,00000000,00000000,0,0000
785,00,0,00,00000000,00000000,00000000,0,0000
786,00,0,00,00000000,00000000,00000000,0,0000
787,00,0,00,00000000,00000000,00000000,0,0000
788,00,0,00,00000000,00000000,00000000,0,0000
789,00,0,00,00000000,00000000,00000000,0,0000
790,00,0,00,00000000,00000000,00000000,0,0000
791,00,0,00,00000000,00000000,00000000,0,0000
792,00,0,00,00000000,00000000,00000000,0,0000
793,00,0,00,00000000,00000000,00000000,0,0000
794,00,0,00,00000000,00000000,00000000,0,0000
795,00,0,00,00000000,00000000,00000000,0,0000
796,00,0,00,00000000,00000000,00000000,0,0000
797,00,0,00,00000000,00000000,00000000,0,0000
798,00,0,00,00000000,00000000,00000000,0,0000
799,00,0,00,00000000,00000000,00000000,0,0000
800,00,0,00,00000000,00000000,00000000,0,0000
801,00,0,00,00000000,00000000,00000000,0,0000
802,00,0,00,00000000,00000000,00000000,0,0000
803,00,0,00,00000000,00000000,00000000,0,0000
804,00,0,00,00000000,00000000,00000000,0,0000
805,00,0,00,00000000,00000000,00000000,0,0000
806,10,1,10,00000010,00000111,00000001,0,0010
807,00,0,00,00000000,00000000,00000000,0,0000
808,00,0,00,00000000,00000000,00000000,0,0000
809,00,0,00,00000000,00000000,00000000,0,0000
810,00,0,00,00000000,00000000,00000000,0,0000
811,00,0,00,00000000,00000000,00000000,0,0000
812,10,1,10,00000110,00000111,00000101,0,0010
813,00,0,00,00000000,00000000,00000000,0,0000
814,00,0,00,00000000,00000000,00000000,0,0000
815,00,0,00,00000000,00000000,00000000,0,0000
816,00,0,00,00000000,00000000,00000000,0,0000
817,00,0,00,00000000,00000000,00000000,0,0000
818,10,1,10,00001010,00000111,00001001,0,0010
819,00,0,00,00000000,00000000,00000000,0,0000
820,00,0,00,00000000,00000000,00000000,0,0000
821,00,0,00,00000000,00000000,00000000,0,0000
822,00,0,00,00000000,00000000,00000000,0,0000
823,00,0,00,00000000,00000000,00000000,0,0000
824,10,1,10,00001110,00000111,00001101,0,0010
825,00,0,00,00000000,00000000,00000000,0,0000
826,00,0,00,00000000,00000000,00000000,0,0000
827,00,0,00,00000000,00000000,00000000,0,0000
828,00,0,00,00000000,00000000,00000000,0,0000
829,00,0,00,00000000,00000000,00000000,0,0000
830,10,1,10,00010010,00000111,00010001,0,0010
831,00,0,00,00000000,00000000,00000000,0,0000
832,00,0,00,00000000,00000000,00000000,0,0000
833,00,0,00,00000000,00000000,00000000,0,0000
834,00,0,00,00000000,00000000,00000000,0,0000
835,00,0,00,00000000,00000000,00000000,0,0000
836,10,1,10,00010110,00000111,00010101,0,0010
837,00,0,00,00000000,00000000,00000000,0,0000
838,00,0,00,00000000,00000000,00000000,0,0000
839,00,0,00,00000000,00000000,00000000,0,0000
840,00,0,00,00000000,00000000,00000000,0,0000
841,00,0,00,00000000,00000000,00000000,0,0000
842,10,1,10,00011010,00000111,00011001,0,0010
843,00,0,00,00000000,00000000,00000000,0,0000
844,00,0,00,00000000,00000000,00000000,0,0000
845,00,0,00,00000000,00000000,00000000,0,0000
846,00,0,00,00000000,00000000,00000000,0,0000
847,00,0,00,00000000,00000000,00000000,0,0000
848,10,1,10,00011110,00000111,00011101,0,0010
849,00,0,00,00000000,00000000,00000000,0,0000
850,00,0,00,00000000,00000000,00000000,0,0000
851,00,0,00,00000000,00000000,00000000,0,0000
852,00,0,00,00000000,00000000,00000000,0,0000
853,00,0,00,00000000,00000000,00000000,0,0000
854,10,1,10,00100010,00000111,00100001,0,0010
855,00,0,00,00000000,00000000,00000000,0,0000
856,00,0,00,00000000,00000000,00000000,0,0000
857,00,0,00,00000000,00000000,00000000,0,0000
858,00,0,00,00000000,00000000,00000000,0,0000
859,00,0,00,00000000,00000000,00000000,0,0000
860,10,1,10,00100110,00000111,00100101,0,0010
861,00,0,00,00000000,00000000,00000000,0,0000
862,00,0,00,00000000,00000000,00000000,0,0000
863,00,0,00,00000000,00000000,00000000,0,0000
864,00,0,00,00000000,00000000,00000000,0,0000
865,00,0,00,00000000,00000000,00000000,0,0000
866,10,1,10,00101010,00000111,00101001,0,0010
867,00,0,00,00000000,00000000,00000000,0,0000
868,00,0,00,00000000,00000000,00000000,0,0000
869,00,0,00,00000000,00000000,00000000,0,0000
870,00,0,00,00000000,00000000,00000000,0,0000
871,00,0,00,00000000,00000000,00000000,0,0000
872,10,1,10,00101110,00000111,00101101,0,0010
873,00,0,00,00000000,00000000,00000000,0,0000
874,00,0,00,00000000,00000000,00000000,0,0000
875,00,0,00,00000000,00000000,00000000,0,0000
876,00,0,00,00000000,00000000,00000000,0,0000
877,00,0,00,00000000,00000000,00000000,0,0000
878,10,1,10,00110010,00000111,00110001,0,0010
879,00,0,00,00000000,00000000,00000000,0,0000
880,00,0,00,00000000,00000000,00000000,0,0000
881,00,0,00,00000000,00000000,00000000,0,0000
882,00,0,00,00000000,00000000,00000000,0,0000
883,00,0,00,00000000,00000000,00000000,0,0000
884,10,1,10,00110110,00000111,00110101,0,0010
885,00,0,00,00000000,00000000,00000000,0,0000
886,00,0,00,00000000,00000000,00000000,0,0000
887,00,0,00,00000000,00000000,00000000,0,0000
888,00,0,00,00000000,00000000,00000000,0,0000
889,00,0,00,00000000,00000000,00000000,0,0000
890,10,1,10,00111010,00000111,00111001,0,0010
891,00,0,00,00000000,00000000,00000000,0,0000
892,00,0,00,00000000,00000000,00000000,0,0000
893,00,0,00,00000000,00000000,00000000,0,0000
894,00,0,00,00000000,00000000,00000000,0,0000
895,00,0,00,00000000,00000000,00000000,0,0000
896,10,1,10,00111110,00000111,00111101,0,0010
897,00,0,00,00000000,00000000,00000000,0,0000
898,00,0,00,00000000,00000000,00000000,0,0000
899,00,0,00,00000000,00000000,00000000,0,0000
900,00,0,00,00000000,00000000,00000000,0,0000
901,00,0,00,00000000,00000000,00000000,0,0000
902,10,1,10,01000010,00000111,01000001,0,0010
903,00,0,00,00000000,00000000,00000000,0,0000
904,00,0,00,00000000,00000000,00000000,0,0000
905,00,0,00,00000000,00000000,00000000,0,0000
906,00,0,00,00000000,00000000,00000000,0,0000
907,00,0,00,00000000,00000000,00000000,0,0000
908,10,1,10,01000110,00000111,01000101,0,0010
909,00,0,00,00000000,00000000,00000000,0,0000
910,00,0,00,00000000,00000000,00000000,0,0000
911,00,0,00,00000000,00000000,00000000,0,0000
912,00,0,00,00000000,00000000,00000000,0,0000
913,00,0,00,00000000,00000000,00000000,0,0000
914,10,1,10,01001010,00000111,01001001,0,0010
915,00,0,00,00000000,00000000,00000000,0,0000
916,00,0,00,00000000,00000000,00000000,0,0000
917,00,0,00,00000000,00000000,00000000,0,0000
918,00,0,00,00000000,00000000,00000000,0,0000
919,00,0,00,00000000,00000000,00000000,0,0000
920,10,1,10,01001110,00000111,01001101,0,0010
921,00,0,00,00000000,00000000,00000000,0,0000
922,00,0,00,00000000,00000000,00000000,0,0000
923,00,0,00,00000000,00000000,00000000,0,0000
924,00,0,00,00000000,00000000,00000000,0,0000
925,00,0,00,00000000,00000000,00000000,0,0000
926,10,1,10,01010010,00000111,01010001,0,0010
927,00,0,00,00000000,00000000,00000000,0,0000
928,00,0,00,00000000,00000000,00000000,0,0000
929,00,0,00,00000000,00000000,00000000,0,0000
930,00,0,00,00000000,00000000,00000000,0,0000
931,00,0,00,00000000,00000000,00000000,0,0000
932,10,1,10,01010110,00000111,01010101,0,0010
933,00,0,00,00000000,00000000,00000000,0,0000
934,00,0,00,00000000,00000000,00000000,0,0000
935,00,0,00,00000000,00000000,00000000,0,0000
936,00,0,00,00000000,00000000,00000000,0,0000
937,00,0,00,00000000,00000000,00000000,0,0000
938,10,1,10,01011010,00000111,01011001,0,0010
939,00,0,00,00000000,00000000,00000000,0,0000
940,00,0,00,00000000,00000000,00000000,0,0000
941,00,0,00,00000000,00000000,00000000,0,0000
942,00,0,00,00000000,00000000,00000000,0,0000
943,00,0,00,00000000,00000000,00000000,0,0000
944,10,1,10,01011110,00000111,01011101,0,0010
945,00,0,00,00000000,00000000,00000000,0,0000
946,00,0,00,00000000,00000000,00000000,0,0000
947,00,0,00,00000000,00000000,00000000,0,0000
948,00,0,00,00000000,00000000,00000000,0,0000
949,00,0,00,00000000,00000000,00000000,0,0000
950,10,1,10,01100010,00000111,01100001,0,0010
951,00,0,00,00000000,00000000,00000000,0,0000
952,00,0,00,00000000,00000000,00000000,0,0000
953,00,0,00,00000000,00000000,00000000,0,0000
954,00,0,00,00000000,00000000,00000000,0,0000
955,00,0,00,00000000,00000000,00000000,0,0000
956,10,1,10,01100110,00000111,01100101,0,0010
957,00,0,00,00000000,00000000,00000000,0,0000
958,00,0,00,00000000,00000000,00000000,0,0000
959,00,0,00,00000000,00000000,00000000,0,0000
960,00,0,00,00000000,00000000,00000000,0,0000
961,00,0,00,00000000,00000000,00000000,0,0000
962,10,1,10,01101010,00000111,01101001,0,0010
963,00,0,00,00000000,00000000,00000000,0,0000
964,00,0,00,00000000,00000000,00000000,0,0000
965,00,0,00,00000000,00000000,00000000,0,0000
966,00,0,00,00000000,00000000,00000000,0,0000
967,00,0,00,00000000,00000000,00000000,0,0000
968,10,1,10,01101110,00000111,01101101,0,0010
969,00,0,00,00000000,00000000,00000000,0,0000
970,00,0,00,00000000,00000000,00000000,0,0000
971,00,0,00,00000000,00000000,00000000,0,0000
972,00,0,00,00000000,00000000,00000000,0,0000
973,00,0,00,00000000,00000000,00000000,0,0000
974,10,1,10,01110010,00000111,01110001,0,0010
975,00,0,00,00000000,00000000,00000000,0,0000
976,00,0,00,00000000,00000000,00000000,0,0000
977,00,0,00,00000000,00000000,00000000,0,0000
978,00,0,00,00000000,00000000,00000000,0,0000
979,00,0,00,00000000,00000000,00000000,0,0000
980,10,1,10,01110110,00000111,01110101,0,0010
981,00,0,00,00000000,00000000,00000000,0,0000
982,00,0,00,00000000,00000000,00000000,0,0000
983,00,0,00,00000000,00000000,00000000,0,0000
984,00,0,00,00000000,00000000,00000000,0,0000
985,00,0,00,00000000,00000000,00000000,0,0000
986,10,1,10,01111010,00000111,01111001,0,0010
987,00,0,00,00000000,00000000,00000000,0,0000
988,00,0,00,00000000,00000000,00000000,0,0000
989,00,0,00,00000000,00000000,00000000,0,0000
990,00,0,00,00000000,00000000,00000000,0,0000
991,00,0,00,00000000,00000000,00000000,0,0000
992,10,1,10,01111110,00000111,01111101,0,0010
993,00,0,00,00000000,00000000,00000000,0,0000
994,00,0,00,00000000,00000000,00000000,0,0000
995,00,0,00,00000000,00000000,00000000,0,0000
996,00,0,00,00000000,00000000,00000000,0,0000
997,00,0,00,00000000,00000000,00000000,0,0000
998,10,1,10,10000010,00000111,10000001,0,0010
999,00,0,00,00000000,00000000,00000000,0,0000
1000,00,0,00,00000000,00000000,00000000,0,0000
1001,00,0,00,00000000,00000000,00000000,0,0000
1002,00,0,00,00000000,00000000,00000000,0,0000
1003,00,0,00,00000000,00000000,00000000,0,0000
1004,10,1,10,10000110,00000111,10000101,0,0010
1005,00,0,00,00000000,00000000,00000000,0,0000
1006,00,0,00,00000000,00000000,00000000,0,0000
1007,00,0,00,00000000,00000000,00000000,0,0000
1008,00,0,00,00000000,00000000,00000000,0,0000
1009,00,0,00,00000000,00000000,00000000,0,0000
1010,10,1,10,10001010,00000111,10001001,0,0010
1011,00,0,00,00000000,00000000,00000000,0,0000
1012,00,0,00,00000000,00000000,00000000,0,0000
1013,00,0,00,00000000,00000000,00000000,0,0000
1014,00,0,00,00000000,00000000,00000000,0,0000
1015,00,0,00,00000000,00000000,00000000,0,0000
1016,10,1,10,10001110,00000111,10001101,0,0010
1017,00,0,00,00000000,00000000,00000000,0,0000
1018,00,0,00,00000000,00000000,00000000,0,0000
1019,00,0,00,00000000,00000000,00000000,0,0000
1020,00,0,00,00000000,00000000,00000000,0,0000
1021,00,0,00,00000000,00000000,00000000,0,0000
1022,10,1,10,10010010,00000111,10010001,0,0010
1023,00,0,00,00000000,00000000,00000000,0,0000
1024,00,0,00,00000000,00000000,00000000,0,0000
1025,00,0,00,00000000,00000000,00000000,0,0000
1026,00,0,00,00000000,00000000,00000000,0,0000
1027,00,0,00,00000000,00000000,00000000,0,0000
1028,10,1,10,10010110,00000111,10010101,0,0010
1029,00,0,00,00000000,00000000,00000000,0,0000
1030,00,0,00,00000000,00000000,00000000,0,0000
1031,00,0,00,00000000,00000000,00000000,0,0000
1032,00,0,00,00000000,00000000,00000000,0,0000
1033,00,0,00,00000000,00000000,00000000,0,0000
1034,10,1,10,10011010,00000111,10011001,0,0010
1035,00,0,00,00000000,00000000,00000000,0,0000
1036,00,0,00,00000000,00000000,00000000,0,0000
1037,00,0,00,00000000,00000000,00000000,0,0000
1038,00,0,00,00000000,00000000,00000000,0,0000
1039,00,0,00,00000000,00000000,00000000,0,0000
1040,10,1,10,10011110,00000111,10011101,0,0010
1041,00,0,00,00000000,00000000,00000000,0,0000
1042,00,0,00,00000000,00000000,00000000,0,0000
1043,00,0,00,00000000,00000000,00000000,0,0000
1044,00,0,00,00000000,00000000,00000000,0,0000
1045,00,0,00,00000000,00000000,00000000,0,0000
1046,10,1,10,10100010,00000111,10100001,0,0010
1047,00,0,00,00000000,00000000,00000000,0,0000
1048,00,0,00,00000000,00000000,00000000,0,0000
1049,00,0,00,00000000,00000000,00000000,0,0000
1050,00,0,00,00000000,00000000,00000000,0,0000
1051,00,0,00,00000000,00000000,00000000,0,0000
1052,10,1,10,10100110,00000111,10100101,0,0010
1053,00,0,00,00000000,00000000,00000000,0,0000
1054,00,0,00,00000000,00000000,00000000,0,0000
1055,00,0,00,00000000,00000000,00000000,0,0000
1056,00,0,00,00000000,00000000,00000000,0,0000
1057,00,0,00,00000000,00000000,00000000,0,0000
1058,10,1,10,10101010,00000111,10101001,0,0010
1059,00,0,00,00000000,00000000,00000000,0,0000
1060,00,0,00,00000000,00000000,00000000,0,0000
1061,00,0,00,00000000,00000000,00000000,0,0000
1062,00,0,00,00000000,00000000,00000000,0,0000
1063,00,0,00,00000000,00000000,00000000,0,0000
1064,10,1,10,10101110,00000111,10101101,0,0010
1065,00,0,00,00000000,00000000,00000000,0,0000
1066,00,0,00,00000000,00000000,00000000,0,0000
1067,00,0,00,00000000,00000000,00000000,0,0000
1068,00,0,00,00000000,00000000,00000000,0,0000
1069,00,0,00,00000000,00000000,00000000,0,0000
1070,10,1,10,10110010,00000111,10110001,0,0010
1071,00,0,00,00000000,00000000,00000000,0,0000
1072,00,0,00,00000000,00000000,00000000,0,0000
1073,00,0,00,00000000,00000000,00000000,0,0000
1074,00,0,00,00000000,00000000,00000000,0,0000
1075,00,0,00,00000000,00000000,00000000,0,0000
1076,10,1,10,10110110,00000111,10110101,0,0010
1077,00,0,00,00000000,00000000,00000000,0,0000
1078,00,0,00,00000000,00000000,00000000,0,0000
1079,00,0,00,00000000,00000000,00000000,0,0000
1080,00,0,00,00000000,00000000,00000000,0,0000
1081,00,0,00,00000000,00000000,00000000,0,0000
1082,10,1,10,10111010,00000111,10111001,0,0010
1083,00,0,00,00000000,00000000,00000000,0,0000
1084,00,0,00,00000000,00000000,00000000,0,0000
1085,00,0,00,00000000,00000000,00000000,0,0000
1086,00,0,00,00000000,00000000,00000000,0,0000
1087,00,0,00,00000000,00000000,00000000,0,0000
1088,10,1,10,10111110,00000111,10111101,0,0010
1089,00,0,00,00000000,00000000,00000000,0,0000
1090,00,0,00,00000000,00000000,00000000,0,0000
1091,00,0,00,00000000,00000000,00000000,0,0000
1092,00,0,00,00000000,00000000,00000000,0,0000
1093,00,0,00,00000000,00000000,00000000,0,0000
1094,10,1,10,11000010,00000111,11000001,0,0010
1095,00,0,00,00000000,00000000,00000000,0,0000
1096,00,0,00,00000000,00000000,00000000,0,0000
1097,00,0,00,00000000,00000000,00000000,0,0000
1098,00,0,00,00000000,00000000,00000000,0,0000
1099,00,0,00,00000000,00000000,00000000,0,0000
1100,10,1,10,11000110,00000111,11000101,0,0010
1101,00,0,00,00000000,00000000,00000000,0,0000
1102,00,0,00,00000000,00000000,00000000,0,0000
1103,00,0,00,00000000,00000000,00000000,0,0000
1104,00,0,00,00000000,00000000,00000000,0,0000
1105,00,0,00,00000000,00000000,00000000,0,0000
1106,10,1,10,11001010,00000111,11001001,0,0010
1107,00,0,00,00000000,00000000,00000000,0,0000
1108,00,0,00,00000000,00000000,00000000,0,0000
1109,00,0,00,00000000,00000000,00000000,0,0000
1110,00,0,00,00000000,00000000,00000000,0,0000
1111,00,0,00,00000000,00000000,00000000,0,0000
1112,10,1,10,11001110,00000111,11001101,0,0010
1113,00,0,00,00000000,00000000,00000000,0,0000
1114,00,0,00,00000000,00000000,00000000,0,0000
1115,00,0,00,00000000,00000000,00000000,0,0000
1116,00,0,00,00000000,00000000,00000000,0,0000
1117,00,0,00,00000000,00000000,00000000,0,0000
1118,10,1,10,11010010,00000111,11010001,0,0010
1119,00,0,00,00000000,00000000,00000000,0,0000
1120,00,0,00,00000000,00000000,00000000,0,0000
1121,00,0,00,00000000,00000000,00000000,0,0000
1122,00,0,00,00000000,00000000,00000000,0,0000
1123,00,0,00,00000000,00000000,00000000,0,0000
1124,10,1,10,11010110,00000111,11010101,0,0010
1125,00,0,00,00000000,00000000,00000000,0,0000
1126,00,0,00,00000000,00000000,00000000,0,0000
1127,00,0,00,00000000,00000000,00000000,0,0000
1128,00,0,00,00000000,00000000,00000000,0,0000
1129,00,0,00,00000000,00000000,00000000,0,0000
1130,10,1,10,11011010,00000111,11011001,0,0010
1131,00,0,00,00000000,00000000,00000000,0,0000
1132,00,0,00,00000000,00000000,00000000,0,0000
1133,00,0,00,00000000,00000000,00000000,0,0000
1134,00,0,00,00000000,00000000,00000000,0,0000
1135,00,0,00,00000000,00000000,00000000,0,0000
1136,10,1,10,11011110,00000111,11011101,0,0010
1137,00,0,00,00000000,00000000,00000000,0,0000
1138,00,0,00,00000000,00000000,00000000,0,0000
1139,00,0,00,00000000,00000000,00000000,0,0000
1140,00,0,00,00000000,00000000,00000000,0,0000
1141,00,0,00,00000000,00000000,00000000,0,0000
1142,10,1,10,11100010,00000111,11100001,0,0010
1143,00,0,00,00000000,00000000,00000000,0,0000
1144,00,0,00,00000000,00000000,00000000,0,0000
1145,00,0,00,00000000,00000000,00000000,0,0000
1146,00,0,00,00000000,00000000,00000000,0,0000
1147,00,0,00,00000000,00000000,00000000,0,0000
1148,10,1,10,11100110,00000111,11100101,0,0010
1149,00,0,00,00000000,00000000,00000000,0,0000
1150,00,0,00,00000000,00000000,00000000,0,0000
1151,00,0,00,00000000,00000000,00000000,0,0000
1152,00,0,00,00000000,00000000,00000000,0,0000
1153,00,0,00,00000000,00000000,00000000,0,0000
1154,10,1,10,11101010,00000111,11101001,0,0010
1155,00,0,00,00000000,00000000,00000000,0,0000
1156,00,0,00,00000000,00000000,00000000,0,0000
1157,00,0,00,00000000,00000000,00000000,0,0000
1158,00,0,00,00000000,00000000,00000000,0,0000
1159,00,0,00,00000000,00000000,00000000,0,0000
1160,10,1,10,11101110,00000111,11101101,0,0010
1161,00,0,00,00000000,00000000,00000000,0,0000
1162,00,0,00,00000000,00000000,00000000,0,0000
1163,00,0,00,00000000,00000000,00000000,0,0000
1164,00,0,00,00000000,00000000,00000000,0,0000
1165,00,0,00,00000000,00000000,00000000,0,0000
1166,10,1,10,11110010,00000111,11110001,0,0010
1167,00,0,00,00000000,00000000,00000000,0,0000
1168,00,0,00,00000000,00000000,00000000,0,0000
1169,00,0,00,00000000,00000000,00000000,0,0000
1170,00,0,00,00000000,00000000,00000000,0,0000
1171,00,0,00,00000000,00000000,00000000,0,0000
1172,10,1,10,11110110,00000111,11110101,0,0010
1173,00,0,00,00000000,00000000,00000000,0,0000
1174,00,0,00,00000000,00000000,00000000,0,0000
1175,00,0,00,00000000,00000000,00000000,0,0000
1176,00,0,00,00000000,00000000,00000000,0,0000
1177,00,0,00,00000000,00000000,00000000,0,0000
1178,10,1,10,11111010,00000111,11111001,0,0010
1179,00,0,00,00000000,00000000,00000000,0,0000
1180,00,0,00,00000000,00000000,00000000,0,0000
1181,00,0,00,00000000,00000000,00000000,0,0000
1182,00,0,00,00000000,00000000,00000000,0,0000
1183,00,0,00,00000000,00000000,00000000,0,0000
1184,10,1,10,11111110,00000111,11111101,0,0010
1185,00,0,00,00000000,00000000,00000000,0,0000
1186,00,0,00,00000000,00000000,00000000,0,0000
1187,00,0,00,00000000,00000000,00000000,0,0000
1188,00,0,00,00000000,00000000,00000000,0,0000
1189,00,0,00,00000000,00000000,00000000,0,0000
1190,00,0,00,00000000,00000000,00000000,0,0000
1191,00,0,00,00000000,00000000,00000000,0,0000
1192,00,0,00,00000000,00000000,00000000,0,0000
1193,00,0,00,00000000,00000000,00000000,0,0000
1194,00,0,00,00000000,00000000,00000000,0,0000
1195,00,0,00,00000000,00000000,00000000,0,0000
1196,00,0,00,00000000,00000000,00000000,0,0000
1197,00,0,00,00000000,00000000,00000000,0,0000
1198,00,0,00,00000000,00000000,00000000,0,0000
1199,00,0,00,00000000,00000000,00000000,0,0000
1200,00,0,00,00000000,00000000,00000000,0,0000
1201,00,0,00,00000000,00000000,00000000,0,0000
1202,00,0,00,00000000,00000000,00000000,0,0000
1203,00,0,00,00000000,00000000,00000000,0,0000
1204,00,0,00,00000000,00000000,00000000,0,0000
1205,00,0,00,00000000,00000000,00000000,0,0000
1206,00,0,00,00000000,00000000,00000000,0,0000
1207,00,0,00,00000000,00000000,00000000,0,0000
1208,00,0,00,00000000,00000000,00000000,0,0000
1209,00,0,00,00000000,00000000,00000000,0,0000
1210,00,0,00,00000000,00000000,00000000,0,0000
1211,00,0,00,00000000,00000000,00000000,0,0000
1212,00,0,00,00000000,00000000,00000000,0,0000
1213,00,0,00,00000000,00000000,00000000,0,0000
1214,00,0,00,00000000,00000000,00000000,0,0000
1215,00,0,00,00000000,00000000,00000000,0,0000
1216,00,0,00,00000000,00000000,00000000,0,0000
1217,00,0,00,00000000,00000000,00000000,0,0000
1218,00,0,00,00000000,00000000,00000000,0,0000
1219,00,0,00,00000000,00000000,00000000,0,0000
1220,00,0,00,00000000,00000000,00000000,0,0000
1221,00,0,00,00000000,00000000,00000000,0,0000
1222,00,0,00,00000000,00000000,00000000,0,0000
1223,00,0,00,00000000,00000000,00000000,0,0000
1224,00,0,00,00000000,00000000,00000000,0,0000
1225,00,0,00,00000000,00000000,00000000,0,0000
1226,00,0,00,00000000,00000000,00000000,0,0000
1227,00,0,00,00000000,00000000,00000000,0,0000
1228,00,0,00,00000000,00000000,00000000,0,0000
1229,00,0,00,00000000,00000000,00000000,0,0000
1230,00,0,00,00000000,00000000,00000000,0,0000
1231,00,0,00,00000000,00000000,00000000,0,0000
1232,00,0,00,00000000,00000000,00000000,0,0000
1233,00,0,00,00000000,00000000,00000000,0,0000
1234,00,0,00,00000000,00000000,00000000,0,0000
1235,00,0,00,00000000,00000000,00000000,0,0000
1236,00,0,00,00000000,00000000,00000000,0,0000
1237,00,0,00,00000000,00000000,00000000,0,0000
1238,00,0,00,00000000,00000000,00000000,0,0000
1239,00,0,00,00000000,00000000,00000000,0,0000
1240,00,0,00,00000000,00000000,00000000,0,0000
1241,00,0,00,00000000,00000000,00000000,0,0000
1242,00,0,00,00000000,00000000,00000000,0,0000
1243,00,0,00,00000000,00000000,00000000,0,0000
1244,00,0,00,00000000,00000000,00000000,0,0000
1245,00,0,00,00000000,00000000,00000000,0,0000
1246,00,0,00,00000000,00000000,00000000,0,0000
1247,00,0,00,00000000,00000000,00000000,0,0000
1248,00,0,00,00000000,00000000,00000000,0,0000
1249,00,0,00,00000000,00000000,00000000,0,0000
1250,00,0,00,00000000,00000000,00000000,0,0000
1251,00,0,00,00000000,00000000,00000000,0,0000
1252,00,0,00,00000000,00000000,00000000,0,0000
1253,00,0,00,00000000,00000000,00000000,0,0000
1254,00,0,00,00000000,00000000,00000000,0,0000
1255,00,0,00,00000000,00000000,00000000,0,0000
1256,00,0,00,00000000,00000000,00000000,0,0000
1257,00,0,00,00000000,00000000,00000000,0,0000
1258,00,0,00,00000000,00000000,00000000,0,0000
1259,00,0,00,00000000,00000000,00000000,0,0000
1260,00,0,00,00000000,00000000,00000000,0,0000
1261,00,0,00,00000000,00000000,00000000,0,0000
1262,00,0,00,00000000,00000000,00000000,0,0000
1263,00,0,00,00000000,00000000,00000000,0,0000
1264,00,0,00,00000000,00000000,00000000,0,0000
1265,00,0,00,00000000,00000000,00000000,0,0000
1266,00,0,00,00000000,00000000,00000000,0,0000
1267,00,0,00,00000000,00000000,00000000,0,0000
1268,00,0,00,00000000,00000000,00000000,0,0000
1269,00,0,00,00000000,00000000,00000000,0,0000
1270,00,0,00,00000000,00000000,00000000,0,0000
1271,00,0,00,00000000,00000000,00000000,0,0000
1272,00,0,00,00000000,00000000,00000000,0,0000
1273,00,0,00,00000000,00000000,00000000,0,0000
1274,00,0,00,00000000,00000000,00000000,0,0000
1275,00,0,00,00000000,00000000,00000000,0,0000
1276,00,0,00,00000000,00000000,00000000,0,0000
1277,00,0,00,00000000,00000000,00000000,0,0000
1278,00,0,00,00000000,00000000,00000000,0,0000
1279,00,0,00,00000000,00000000,00000000,0,0000
1280,00,0,00,00000000,00000000,00000000,0,0000
1281,00,0,00,00000000,00000000,00000000,0,0000
1282,00,0,00,00000000,00000000,00000000,0,0000
1283,00,0,00,00000000,00000000,00000000,0,0000
1284,00,0,00,00000000,00000000,00000000,0,0000
1285,00,0,00,00000000,00000000,00000000,0,0000
1286,00,0,00,00000000,00000000,00000000,0,0000
1287,00,0,00,00000000,00000000,00000000,0,0000
1288,00,0,00,00000000,00000000,00000000,0,0000
1289,00,0,00,00000000,00000000,00000000,0,0000
1290,00,0,00,00000000,00000000,00000000,0,0000
1291,00,0,00,00000000,00000000,00000000,0,0000
1292,00,0,00,00000000,00000000,00000000,0,0000
1293,00,0,00,00000000,00000000,00000000,0,0000
1294,00,0,00,00000000,00000000,00000000,0,0000
1295,00,0,00,00000000,00000000,00000000,0,0000
1296,00,0,00,00000000,00000000,00000000,0,0000
1297,00,0,00,00000000,00000000,00000000,0,0000
1298,00,0,00,00000000,00000000,00000000,0,0000
1299,00,0,00,00000000,00000000,00000000,0,0000
1300,00,0,00,00000000,00000000,00000000,0,0000
1301,00,0,00,00000000,00000000,00000000,0,0000
1302,00,0,00,00000000,00000000,00000000,0,0000
1303,00,0,00,00000000,00000000,00000000,0,0000
1304,00,0,00,00000000,00000000,00000000,0,0000
1305,00,0,00,00000000,00000000,00000000,0,0000
1306,00,0,00,00000000,00000000,00000000,0,0000
1307,00,0,00,00000000,00000000,00000000,0,0000
1308,00,0,00,00000000,00000000,00000000,0,0000
1309,00,0,00,00000000,00000000,00000000,0,0000
1310,00,0,00,00000000,00000000,00000000,0,0000
1311,00,0,00,00000000,00000000,00000000,0,0000
1312,00,0,00,00000000,00000000,00000000,0,0000
1313,00,0,00,00000000,00000000,00000000,0,0000
1314,00,0,00,00000000,00000000,00000000,0,0000
1315,00,0,00,00000000,00000000,00000000,0,0000
1316,00,0,00,00000000,00000000,00000000,0,0000
1317,00,0,00,00000000,00000000,00000000,0,0000
1318,00,0,00,00000000,00000000,00000000,0,0000
1319,00,0,00,00000000,00000000,00000000,0,0000
1320,00,0,00,00000000,00000000,00000000,0,0000
1321,00,0,00,00000000,00000000,00000000,0,0000
1322,00,0,00,00000000,00000000,00000000,0,0000
1323,00,0,00,00000000,00000000,00000000,0,0000
1324,00,0,00,00000000,00000000,00000000,0,0000
1325,00,0,00,00000000,00000000,00000000,0,0000
1326,00,0,00,00000000,00000000,00000000,0,0000
1327,00,0,00,00000000,00000000,00000000,0,0000
1328,00,0,00,00000000,00000000,00000000,0,0000
1329,00,0,00,00000000,00000000,00000000,0,0000
1330,00,0,00,00000000,00000000,00000000,0,0000
1331,00,0,00,00000000,00000000,00000000,0,0000
1332,00,0,00,00000000,00000000,00000000,0,0000
1333,00,0,00,00000000,00000000,00000000,0,0000
1334,00,0,00,00000000,00000000,00000000,0,0000
1335,00,0,00,00000000,00000000,00000000,0,0000
1336,00,0,00,00000000,00000000,00000000,0,0000
1337,00,0,00,00000000,00000000,00000000,0,0000
1338,00,0,00,00000000,00000000,00000000,0,0000
1339,00,0,00,00000000,00000000,00000000,0,0000
1340,00,0,00,00000000,00000000,00000000,0,0000
1341,00,0,00,00000000,00000000,00000000,0,0000
1342,00,0,00,00000000,00000000,00000000,0,0000
1343,00,0,00,00000000,00000000,00000000,0,0000
1344,00,0,00,00000000,00000000,00000000,0,0000
1345,00,0,00,00000000,00000000,00000000,0,0000
1346,00,0,00,00000000,00000000,00000000,0,0000
1347,00,0,00,00000000,00000000,00000000,0,0000
1348,00,0,00,00000000,00000000,00000000,0,0000
1349,00,0,00,00000000,00000000,00000000,0,0000
1350,00,0,00,00000000,00000000,00000000,0,0000
1351,00,0,00,00000000,00000000,00000000,0,0000
1352,00,0,00,00000000,00000000,00000000,0,0000
1353,00,0,00,00000000,00000000,00000000,0,0000
1354,00,0,00,00000000,00000000,00000000,0,0000
1355,00,0,00,00000000,00000000,00000000,0,0000
1356,00,0,00,00000000,00000000,00000000,0,0000
1357,00,0,00,00000000,00000000,00000000,0,0000
1358,00,0,00,00000000,00000000,00000000,0,0000
1359,00,0,00,00000000,00000000,00000000,0,0000
1360,00,0,00,00000000,00000000,00000000,0,0000
1361,00,0,00,00000000,00000000,00000000,0,0000
1362,00,0,00,00000000,00000000,00000000,0,0000
1363,00,0,00,00000000,00000000,00000000,0,0000
1364,00,0,00,00000000,00000000,00000000,0,0000
1365,00,0,00,00000000,00000000,00000000,0,0000
1366,00,0,00,00000000,00000000,00000000,0,0000
1367,00,0,00,00000000,00000000,00000000,0,0000
1368,00,0,00,00000000,00000000,00000000,0,0000
1369,00,0,00,00000000,00000000,00000000,0,0000
1370,00,0,00,00000000,00000000,00000000,0,0000
1371,00,0,00,00000000,00000000,00000000,0,0000
1372,00,0,00,00000000,00000000,00000000,0,0000
1373,00,0,00,00000000,00000000,00000000,0,0000
1374,00,0,00,00000000,00000000,00000000,0,0000
1375,00,0,00,00000000,00000000,00000000,0,0000
1376,00,0,00,00000000,00000000,00000000,0,0000
1377,00,0,00,00000000,00000000,00000000,0,0000
1378,00,0,00,00000000,00000000,00000000,0,0000
1379,00,0,00,00000000,00000000,00000000,0,0000
1380,00,0,00,00000000,00000000,00000000,0,0000
1381,00,0,00,00000000,00000000,00000000,0,0000
1382,00,0,00,00000000,00000000,00000000,0,0000
1383,00,0,00,00000000,00000000,00000000,0,0000
1384,00,0,00,00000000,00000000,00000000,0,0000
1385,00,0,00,00000000,00000000,00000000,0,0000
1386,00,0,00,00000000,00000000,00000000,0,0000
1387,00,0,00,00000000,00000000,00000000,0,0000
1388,00,0,00,00000000,00000000,00000000,0,0000
1389,00,0,00,00000000,00000000,00000000,0,0000
1390,00,0,00,00000000,00000000,00000000,0,0000
1391,00,0,00,00000000,00000000,00000000,0,0000
1392,00,0,00,00000000,00000000,00000000,0,0000
1393,00,0,00,00000000,00000000,00000000,0,0000
1394,00,0,00,00000000,00000000,00000000,0,0000
1395,00,0,00,00000000,00000000,00000000,0,0000
1396,00,0,00,00000000,00000000,00000000,0,0000
1397,00,0,00,00000000,00000000,00000000,0,0000
1398,00,0,00,00000000,00000000,00000000,0,0000
1399,00,0,00,00000000,00000000,00000000,0,0000
1400,00,0,00,00000000,00000000,00000000,0,0000
1401,00,0,00,00000000,00000000,00000000,0,0000
1402,00,0,00,00000000,00000000,00000000,0,0000
1403,00,0,00,00000000,00000000,00000000,0,0000
1404,00,0,00,00000000,00000000,00000000,0,0000
1405,00,0,00,00000000,00000000,00000000,0,0000
1406,00,0,00,00000000,00000000,00000000,0,0000
1407,00,0,00,00000000,00000000,00000000,0,0000
1408,00,0,00,00000000,00000000,00000000,0,0000
1409,00,0,00,00000000,00000000,00000000,0,0000
1410,00,0,00,00000000,00000000,00000000,0,0000
1411,00,0,00,00000000,00000000,00000000,0,0000
1412,00,0,00,00000000,00000000,00000000,0,0000
1413,00,0,00,00000000,00000000,00000000,0,0000
1414,00,0,00,00000000,00000000,00000000,0,0000
1415,00,0,00,00000000,00000000,00000000,0,0000
1416,00,0,00,00000000,00000000,00000000,0,0000
1417,00,0,00,00000000,00000000,00000000,0,0000
1418,00,0,00,00000000,00000000,00000000,0,0000
1419,00,0,00,00000000,00000000,00000000,0,0000
1420,00,0,00,00000000,00000000,00000000,0,0000
1421,00,0,00,00000000,00000000,00000000,0,0000
1422,00,0,00,00000000,00000000,00000000,0,0000
1423,00,0,00,00000000,00000000,00000000,0,0000
1424,00,0,00,00000000,00000000,00000000,0,0000
1425,00,0,00,00000000,00000000,00000000,0,0000
1426,00,0,00,00000000,00000000,00000000,0,0000
1427,00,0,00,00000000,00000000,00000000,0,0000
1428,00,0,00,00000000,00000000,00000000,0,0000
1429,00,0,00,00000000,00000000,00000000,0,0000
1430,00,0,00,00000000,00000000,00000000,0,0000
1431,00,0,00,00000000,00000000,00000000,0,0000
1432,00,0,00,00000000,00000000,00000000,0,0000
1433,00,0,00,00000000,00000000,00000000,0,0000
1434,00,0,00,00000000,00000000,00000000,0,0000
1435,00,0,00,00000000,00000000,00000000,0,0000
1436,00,0,00,00000000,00000000,00000000,0,0000
1437,00,0,00,00000000,00000000,00000000,0,0000
1438,00,0,00,00000000,00000000,00000000,0,0000
1439,00,0,00,00000000,00000000,00000000,0,0000
1440,00,0,00,00000000,00000000,00000000,0,0000
1441,00,0,00,00000000,00000000,00000000,0,0000
1442,00,0,00,00000000,00000000,00000000,0,0000
1443,00,0,00,00000000,00000000,00000000,0,0000
1444,00,0,00,00000000,00000000,00000000,0,0000
1445,00,0,00,00000000,00000000,00000000,0,0000
1446,00,0,00,00000000,00000000,00000000,0,0000
1447,00,0,00,00000000,00000000,00000000,0,0000
1448,00,0,00,00000000,00000000,00000000,0,0000
1449,00,0,00,00000000,00000000,00000000,0,0000
1450,00,0,00,00000000,00000000,00000000,0,0000
1451,00,0,00,00000000,00000000,00000000,0,0000
1452,00,0,00,00000000,00000000,00000000,0,0000
1453,00,0,00,00000000,00000000,00000000,0,0000
1454,00,0,00,00000000,00000000,00000000,0,0000
1455,00,0,00,00000000,00000000,00000000,0,0000
1456,00,0,00,00000000,00000000,00000000,0,0000
1457,00,0,00,00000000,00000000,00000000,0,0000
1458,00,0,00,00000000,00000000,00000000,0,0000
1459,00,0,00,00000000,00000000,00000000,0,0000
1460,00,0,00,00000000,00000000,00000000,0,0000
1461,00,0,00,00000000,00000000,00000000,0,0000
1462,00,0,00,00000000,00000000,00000000,0,0000
1463,00,0,00,00000000,00000000,00000000,0,0000
1464,00,0,00,00000000,00000000,00000000,0,0000
1465,00,0,00,00000000,00000000,00000000,0,0000
1466,00,0,00,00000000,00000000,00000000,0,0000
1467,00,0,00,00000000,00000000,00000000,0,0000
1468,00,0,00,00000000,00000000,00000000,0,0000
1469,00,0,00,00000000,00000000,00000000,0,0000
1470,00,0,00,00000000,00000000,00000000,0,0000
1471,00,0,00,00000000,00000000,00000000,0,0000
1472,00,0,00,00000000,00000000,00000000,0,0000
1473,00,0,00,00000000,00000000,00000000,0,0000
1474,00,0,00,00000000,00000000,00000000,0,0000
1475,00,0,00,00000000,00000000,00000000,0,0000
1476,00,0,00,00000000,00000000,00000000,0,0000
1477,00,0,00,00000000,00000000,00000000,0,0000
1478,00,0,00,00000000,00000000,00000000,0,0000
1479,00,0,00,00000000,00000000,00000000,0,0000
1480,00,0,00,00000000,00000000,00000000,0,0000
1481,00,0,00,00000000,00000000,00000000,0,0000
1482,00,0,00,00000000,00000000,00000000,0,0000
1483,00,0,00,00000000,00000000,00000000,0,0000
1484,00,0,00,00000000,00000000,00000000,0,0000
1485,00,0,00,00000000,00000000,00000000,0,0000
1486,00,0,00,00000000,00000000,00000000,0,0000
1487,00,0,00,00000000,00000000,00000000,0,0000
1488,00,0,00,00000000,00000000,00000000,0,0000
1489,00,0,00,00000000,00000000,00000000,0,0000
1490,00,0,00,00000000,00000000,00000000,0,0000
1491,00,0,00,00000000,00000000,00000000,0,0000
1492,00,0,00,00000000,00000000,00000000,0,0000
1493,00,0,00,00000000,00000000,00000000,0,0000
1494,00,0,00,00000000,00000000,00000000,0,0000
1495,00,0,00,00000000,00000000,00000000,0,0000
1496,00,0,00,00000000,00000000,00000000,0,0000
1497,00,0,00,00000000,00000000,00000000,0,0000
1498,00,0,00,00000000,00000000,00000000,0,0000
1499,00,0,00,00000000,00000000,00000000,0,0000
1500,00,0,00,00000000,00000000,00000000,0,0000
1501,00,0,00,00000000,00000000,00000000,0,0000
1502,00,0,00,00000000,00000000,00000000,0,0000
1503,00,0,00,00000000,00000000,00000000,0,0000
1504,00,0,00,00000000,00000000,00000000,0,0000
1505,00,0,00,00000000,00000000,00000000,0,0000
1506,00,0,00,00000000,00000000,00000000,0,0000
1507,00,0,00,00000000,00000000,00000000,0,0000
1508,00,0,00,00000000,00000000,00000000,0,0000
1509,00,0,00,00000000,00000000,00000000,0,0000
1510,00,0,00,00000000,00000000,00000000,0,0000
1511,00,0,00,00000000,00000000,00000000,0,0000
1512,00,0,00,00000000,00000000,00000000,0,0000
1513,00,0,00,00000000,00000000,00000000,0,0000
1514,00,0,00,00000000,00000000,00000000,0,0000
1515,00,0,00,00000000,00000000,00000000,0,0000
1516,00,0,00,00000000,00000000,00000000,0,0000
1517,00,0,00,00000000,00000000,00000000,0,0000
1518,00,0,00,00000000,00000000,00000000,0,0000
1519,00,0,00,00000000,00000000,00000000,0,0000
1520,00,0,00,00000000,00000000,00000000,0,0000
1521,00,0,00,00000000,00000000,00000000,0,0000
1522,00,0,00,00000000,00000000,00000000,0,0000
1523,00,0,00,00000000,00000000,00000000,0,0000
1524,00,0,00,00000000,00000000,00000000,0,0000
1525,00,0,00,00000000,00000000,00000000,0,0000
1526,00,0,00,00000000,00000000,00000000,0,0000
1527,00,0,00,00000000,00000000,00000000,0,0000
1528,00,0,00,00000000,00000000,00000000,0,0000
1529,00,0,00,00000000,00000000,00000000,0,0000
1530,00,0,00,00000000,00000000,00000000,0,0000
1531,00,0,00,00000000,00000000,00000000,0,0000
1532,00,0,00,00000000,00000000,00000000,0,0000
1533,00,0,00,00000000,00000000,00000000,0,0000
1534,00,0,00,00000000,00000000,00000000,0,0000
1535,00,0,00,00000000,00000000,00000000,0,0000
1536,00,0,00,00000000,00000000,00000000,0,0000
1537,00,0,00,00000000,00000000,00000000,0,0000
1538,00,0,00,00000000,00000000,00000000,0,0000
1539,00,0,00,00000000,00000000,00000000,0,0000
1540,00,0,00,00000000,00000000,00000000,0,0000
1541,00,0,00,00000000,00000000,00000000,0,0000
1542,00,0,00,00000000,00000000,00000000,0,0000
1543,00,0,00,00000000,00000000,00000000,0,0000
1544,00,0,00,00000000,00000000,00000000,0,0000
1545,00,0,00,00000000,00000000,00000000,0,0000
1546,00,0,00,00000000,00000000,00000000,0,0000
1547,00,0,00,00000000,00000000,00000000,0,0000
1548,00,0,00,00000000,00000000,00000000,0,0000
1549,00,0,00,00000000,00000000,00000000,0,0000
1550,00,0,00,00000000,00000000,00000000,0,0000
1551,00,0,00,00000000,00000000,00000000,0,0000
1552,00,0,00,00000000,00000000,00000000,0,0000
1553,00,0,00,00000000,00000000,00000000,0,0000
1554,00,0,00,00000000,00000000,00000000,0,0000
1555,00,0,00,00000000,00000000,00000000,0,0000
1556,00,0,00,00000000,00000000,00000000,0,0000
1557,00,0,00,00000000,00000000,00000000,0,0000
1558,00,0,00,00000000,00000000,00000000,0,0000
1559,00,0,00,00000000,00000000,00000000,0,0000
1560,00,0,00,00000000,00000000,00000000,0,0000
1561,00,0,00,00000000,00000000,00000000,0,0000
1562,00,0,00,00000000,00000000,00000000,0,0000
1563,00,0,00,00000000,00000000,00000000,0,0000
1564,00,0,00,00000000,00000000,00000000,0,0000
1565,00,0,00,00000000,00000000,00000000,0,0000
1566,00,0,00,00000000,00000000,00000000,0,0000
1567,00,0,00,00000000,00000000,00000000,0,0000
1568,00,0,00,00000000,00000000,00000000,0,0000
1569,00,0,00,00000000,00000000,00000000,0,0000
1570,00,0,00,00000000,00000000,00000000,0,0000
1571,00,0,00,00000000,00000000,00000000,0,0000
1572,00,0,00,00000000,00000000,00000000,0,0000
