Node,Operation,src0,src1,Layer,Vector ID,Segment ID,Group ID,Vector Len,Type,Children,Wait_to_load,mask,GPR Addr,Mem Addr,importance
0,root,,,0,,,-1,0,None,"1, 3, 18, 20, 35, 37, 52, 54, 69, 71, 86, 88, 103, 105, 120, 122, 137, 139, 154, 156, 171, 173, 188, 190, 205, 207, 222, 224, 239, 241, 256, 258, 273, 275, 290, 292, 307, 309, 324, 326, 341, 343, 358, 360, 375, 377, 392, 394, 409, 411, 426, 428, 443, 445, 460, 462, 477, 479, 494, 496, 511, 513, 528, 530, 545, 547, 562, 564, 579, 581, 596, 598, 613, 615, 630, 632, 647, 649, 664, 666, 681, 683, 698, 700, 715, 717, 732, 734, 749, 751, 766, 768, 783, 785, 800, 802, 817, 819, 834, 836, 851, 853, 868, 870, 885, 887, 902, 904, 919, 921, 936, 938, 953, 955, 970, 972, 987, 989, 1004, 1006, 1021, 1023, 1038, 1040, 1055, 1057, 1072, 1074",False,0,,,0
1,load,0,,1,0.0,0,0,256,Vector,"2, 6",True,0,0,0,-1
2,reduce_max,1,,2,0.0,0,0,1,Scalar,5,False,0,0,,-2
3,load,1,,1,0.0,1,0,256,Vector,"4, 9",True,0,1,1,-3
4,reduce_max,3,,2,0.0,1,0,1,Scalar,5,False,0,1,,-4
5,max,2,4,3,,,0,1,Scalar,"6, 9",False,0,2,,-5
6,sub,1,5,4,0.0,0,0,256,Vector,7,False,0,2,,-6
7,exp,6,,5,0.0,0,0,256,Vector,"8, 14",False,0,3,,-7
8,reduce_sum,7,,6,0.0,0,0,1,Scalar,12,False,0,3,,-8
9,sub,3,5,4,0.0,1,0,256,Vector,10,False,0,4,,-9
10,exp,9,,5,0.0,1,0,256,Vector,"11, 16",False,0,5,,-10
11,reduce_sum,10,,6,0.0,1,0,1,Scalar,12,False,0,4,,-11
12,add,8,11,7,,,0,1,Scalar,13,False,0,5,,-12
13,inv,12,,8,0.0,,0,1,Scalar,"14, 16",False,0,6,,-13
14,mul,7,13,9,0.0,0,0,256,Vector,15,False,0,6,,-14
15,store,14,0,10,0.0,0,0,256,Vector,,False,0,,0,-15
16,mul,10,13,9,0.0,1,0,256,Vector,17,False,0,7,,-16
17,store,16,1,10,0.0,1,0,256,Vector,,False,0,,1,-17
18,load,2,,1,1.0,0,1,256,Vector,"19, 23",True,0,8,2,-18
19,reduce_max,18,,2,1.0,0,1,1,Scalar,22,False,0,7,,-19
20,load,3,,1,1.0,1,1,256,Vector,"21, 26",True,0,9,3,-20
21,reduce_max,20,,2,1.0,1,1,1,Scalar,22,False,0,8,,-21
22,max,19,21,3,,,1,1,Scalar,"23, 26",False,0,9,,-22
23,sub,18,22,4,1.0,0,1,256,Vector,24,False,0,10,,-23
24,exp,23,,5,1.0,0,1,256,Vector,"25, 31",False,0,11,,-24
25,reduce_sum,24,,6,1.0,0,1,1,Scalar,29,False,0,10,,-25
26,sub,20,22,4,1.0,1,1,256,Vector,27,False,0,12,,-26
27,exp,26,,5,1.0,1,1,256,Vector,"28, 33",False,0,13,,-27
28,reduce_sum,27,,6,1.0,1,1,1,Scalar,29,False,0,11,,-28
29,add,25,28,7,,,1,1,Scalar,30,False,0,12,,-29
30,inv,29,,8,1.0,,1,1,Scalar,"31, 33",False,0,13,,-30
31,mul,24,30,9,1.0,0,1,256,Vector,32,False,0,14,,-31
32,store,31,2,10,1.0,0,1,256,Vector,,False,0,,2,-32
33,mul,27,30,9,1.0,1,1,256,Vector,34,False,0,15,,-33
34,store,33,3,10,1.0,1,1,256,Vector,,False,0,,3,-34
35,load,4,,1,2.0,0,2,256,Vector,"36, 40",True,0,16,4,-35
36,reduce_max,35,,2,2.0,0,2,1,Scalar,39,False,0,14,,-36
37,load,5,,1,2.0,1,2,256,Vector,"38, 43",True,0,17,5,-37
38,reduce_max,37,,2,2.0,1,2,1,Scalar,39,False,0,15,,-38
39,max,36,38,3,,,2,1,Scalar,"40, 43",False,0,16,,-39
40,sub,35,39,4,2.0,0,2,256,Vector,41,False,0,18,,-40
41,exp,40,,5,2.0,0,2,256,Vector,"42, 48",False,0,19,,-41
42,reduce_sum,41,,6,2.0,0,2,1,Scalar,46,False,0,17,,-42
43,sub,37,39,4,2.0,1,2,256,Vector,44,False,0,20,,-43
44,exp,43,,5,2.0,1,2,256,Vector,"45, 50",False,0,21,,-44
45,reduce_sum,44,,6,2.0,1,2,1,Scalar,46,False,0,18,,-45
46,add,42,45,7,,,2,1,Scalar,47,False,0,19,,-46
47,inv,46,,8,2.0,,2,1,Scalar,"48, 50",False,0,20,,-47
48,mul,41,47,9,2.0,0,2,256,Vector,49,False,0,22,,-48
49,store,48,4,10,2.0,0,2,256,Vector,,False,0,,4,-49
50,mul,44,47,9,2.0,1,2,256,Vector,51,False,0,23,,-50
51,store,50,5,10,2.0,1,2,256,Vector,,False,0,,5,-51
52,load,6,,1,3.0,0,3,256,Vector,"53, 57",True,0,24,6,-52
53,reduce_max,52,,2,3.0,0,3,1,Scalar,56,False,0,21,,-53
54,load,7,,1,3.0,1,3,256,Vector,"55, 60",True,0,25,7,-54
55,reduce_max,54,,2,3.0,1,3,1,Scalar,56,False,0,22,,-55
56,max,53,55,3,,,3,1,Scalar,"57, 60",False,0,23,,-56
57,sub,52,56,4,3.0,0,3,256,Vector,58,False,0,26,,-57
58,exp,57,,5,3.0,0,3,256,Vector,"59, 65",False,0,27,,-58
59,reduce_sum,58,,6,3.0,0,3,1,Scalar,63,False,0,24,,-59
60,sub,54,56,4,3.0,1,3,256,Vector,61,False,0,28,,-60
61,exp,60,,5,3.0,1,3,256,Vector,"62, 67",False,0,29,,-61
62,reduce_sum,61,,6,3.0,1,3,1,Scalar,63,False,0,25,,-62
63,add,59,62,7,,,3,1,Scalar,64,False,0,26,,-63
64,inv,63,,8,3.0,,3,1,Scalar,"65, 67",False,0,27,,-64
65,mul,58,64,9,3.0,0,3,256,Vector,66,False,0,30,,-65
66,store,65,6,10,3.0,0,3,256,Vector,,False,0,,6,-66
67,mul,61,64,9,3.0,1,3,256,Vector,68,False,0,31,,-67
68,store,67,7,10,3.0,1,3,256,Vector,,False,0,,7,-68
69,load,8,,1,4.0,0,4,256,Vector,"70, 74",True,0,32,8,-69
70,reduce_max,69,,2,4.0,0,4,1,Scalar,73,False,0,28,,-70
71,load,9,,1,4.0,1,4,256,Vector,"72, 77",True,0,33,9,-71
72,reduce_max,71,,2,4.0,1,4,1,Scalar,73,False,0,29,,-72
73,max,70,72,3,,,4,1,Scalar,"74, 77",False,0,30,,-73
74,sub,69,73,4,4.0,0,4,256,Vector,75,False,0,34,,-74
75,exp,74,,5,4.0,0,4,256,Vector,"76, 82",False,0,35,,-75
76,reduce_sum,75,,6,4.0,0,4,1,Scalar,80,False,0,31,,-76
77,sub,71,73,4,4.0,1,4,256,Vector,78,False,0,36,,-77
78,exp,77,,5,4.0,1,4,256,Vector,"79, 84",False,0,37,,-78
79,reduce_sum,78,,6,4.0,1,4,1,Scalar,80,False,0,32,,-79
80,add,76,79,7,,,4,1,Scalar,81,False,0,33,,-80
81,inv,80,,8,4.0,,4,1,Scalar,"82, 84",False,0,34,,-81
82,mul,75,81,9,4.0,0,4,256,Vector,83,False,0,38,,-82
83,store,82,8,10,4.0,0,4,256,Vector,,False,0,,8,-83
84,mul,78,81,9,4.0,1,4,256,Vector,85,False,0,39,,-84
85,store,84,9,10,4.0,1,4,256,Vector,,False,0,,9,-85
86,load,10,,1,5.0,0,5,256,Vector,"87, 91",True,0,40,10,-86
87,reduce_max,86,,2,5.0,0,5,1,Scalar,90,False,0,35,,-87
88,load,11,,1,5.0,1,5,256,Vector,"89, 94",True,0,41,11,-88
89,reduce_max,88,,2,5.0,1,5,1,Scalar,90,False,0,36,,-89
90,max,87,89,3,,,5,1,Scalar,"91, 94",False,0,37,,-90
91,sub,86,90,4,5.0,0,5,256,Vector,92,False,0,42,,-91
92,exp,91,,5,5.0,0,5,256,Vector,"93, 99",False,0,43,,-92
93,reduce_sum,92,,6,5.0,0,5,1,Scalar,97,False,0,38,,-93
94,sub,88,90,4,5.0,1,5,256,Vector,95,False,0,44,,-94
95,exp,94,,5,5.0,1,5,256,Vector,"96, 101",False,0,45,,-95
96,reduce_sum,95,,6,5.0,1,5,1,Scalar,97,False,0,39,,-96
97,add,93,96,7,,,5,1,Scalar,98,False,0,40,,-97
98,inv,97,,8,5.0,,5,1,Scalar,"99, 101",False,0,41,,-98
99,mul,92,98,9,5.0,0,5,256,Vector,100,False,0,46,,-99
100,store,99,10,10,5.0,0,5,256,Vector,,False,0,,10,-100
101,mul,95,98,9,5.0,1,5,256,Vector,102,False,0,47,,-101
102,store,101,11,10,5.0,1,5,256,Vector,,False,0,,11,-102
103,load,12,,1,6.0,0,6,256,Vector,"104, 108",True,0,48,12,-103
104,reduce_max,103,,2,6.0,0,6,1,Scalar,107,False,0,42,,-104
105,load,13,,1,6.0,1,6,256,Vector,"106, 111",True,0,49,13,-105
106,reduce_max,105,,2,6.0,1,6,1,Scalar,107,False,0,43,,-106
107,max,104,106,3,,,6,1,Scalar,"108, 111",False,0,44,,-107
108,sub,103,107,4,6.0,0,6,256,Vector,109,False,0,50,,-108
109,exp,108,,5,6.0,0,6,256,Vector,"110, 116",False,0,51,,-109
110,reduce_sum,109,,6,6.0,0,6,1,Scalar,114,False,0,45,,-110
111,sub,105,107,4,6.0,1,6,256,Vector,112,False,0,52,,-111
112,exp,111,,5,6.0,1,6,256,Vector,"113, 118",False,0,53,,-112
113,reduce_sum,112,,6,6.0,1,6,1,Scalar,114,False,0,46,,-113
114,add,110,113,7,,,6,1,Scalar,115,False,0,47,,-114
115,inv,114,,8,6.0,,6,1,Scalar,"116, 118",False,0,48,,-115
116,mul,109,115,9,6.0,0,6,256,Vector,117,False,0,54,,-116
117,store,116,12,10,6.0,0,6,256,Vector,,False,0,,12,-117
118,mul,112,115,9,6.0,1,6,256,Vector,119,False,0,55,,-118
119,store,118,13,10,6.0,1,6,256,Vector,,False,0,,13,-119
120,load,14,,1,7.0,0,7,256,Vector,"121, 125",True,0,56,14,-120
121,reduce_max,120,,2,7.0,0,7,1,Scalar,124,False,0,49,,-121
122,load,15,,1,7.0,1,7,256,Vector,"123, 128",True,0,57,15,-122
123,reduce_max,122,,2,7.0,1,7,1,Scalar,124,False,0,50,,-123
124,max,121,123,3,,,7,1,Scalar,"125, 128",False,0,51,,-124
125,sub,120,124,4,7.0,0,7,256,Vector,126,False,0,58,,-125
126,exp,125,,5,7.0,0,7,256,Vector,"127, 133",False,0,59,,-126
127,reduce_sum,126,,6,7.0,0,7,1,Scalar,131,False,0,52,,-127
128,sub,122,124,4,7.0,1,7,256,Vector,129,False,0,60,,-128
129,exp,128,,5,7.0,1,7,256,Vector,"130, 135",False,0,61,,-129
130,reduce_sum,129,,6,7.0,1,7,1,Scalar,131,False,0,53,,-130
131,add,127,130,7,,,7,1,Scalar,132,False,0,54,,-131
132,inv,131,,8,7.0,,7,1,Scalar,"133, 135",False,0,55,,-132
133,mul,126,132,9,7.0,0,7,256,Vector,134,False,0,62,,-133
134,store,133,14,10,7.0,0,7,256,Vector,,False,0,,14,-134
135,mul,129,132,9,7.0,1,7,256,Vector,136,False,0,63,,-135
136,store,135,15,10,7.0,1,7,256,Vector,,False,0,,15,-136
137,load,16,,1,8.0,0,8,256,Vector,"138, 142",True,0,64,16,-137
138,reduce_max,137,,2,8.0,0,8,1,Scalar,141,False,0,56,,-138
139,load,17,,1,8.0,1,8,256,Vector,"140, 145",True,0,65,17,-139
140,reduce_max,139,,2,8.0,1,8,1,Scalar,141,False,0,57,,-140
141,max,138,140,3,,,8,1,Scalar,"142, 145",False,0,58,,-141
142,sub,137,141,4,8.0,0,8,256,Vector,143,False,0,66,,-142
143,exp,142,,5,8.0,0,8,256,Vector,"144, 150",False,0,67,,-143
144,reduce_sum,143,,6,8.0,0,8,1,Scalar,148,False,0,59,,-144
145,sub,139,141,4,8.0,1,8,256,Vector,146,False,0,68,,-145
146,exp,145,,5,8.0,1,8,256,Vector,"147, 152",False,0,69,,-146
147,reduce_sum,146,,6,8.0,1,8,1,Scalar,148,False,0,60,,-147
148,add,144,147,7,,,8,1,Scalar,149,False,0,61,,-148
149,inv,148,,8,8.0,,8,1,Scalar,"150, 152",False,0,62,,-149
150,mul,143,149,9,8.0,0,8,256,Vector,151,False,0,70,,-150
151,store,150,16,10,8.0,0,8,256,Vector,,False,0,,16,-151
152,mul,146,149,9,8.0,1,8,256,Vector,153,False,0,71,,-152
153,store,152,17,10,8.0,1,8,256,Vector,,False,0,,17,-153
154,load,18,,1,9.0,0,9,256,Vector,"155, 159",True,0,72,18,-154
155,reduce_max,154,,2,9.0,0,9,1,Scalar,158,False,0,63,,-155
156,load,19,,1,9.0,1,9,256,Vector,"157, 162",True,0,73,19,-156
157,reduce_max,156,,2,9.0,1,9,1,Scalar,158,False,0,64,,-157
158,max,155,157,3,,,9,1,Scalar,"159, 162",False,0,65,,-158
159,sub,154,158,4,9.0,0,9,256,Vector,160,False,0,74,,-159
160,exp,159,,5,9.0,0,9,256,Vector,"161, 167",False,0,75,,-160
161,reduce_sum,160,,6,9.0,0,9,1,Scalar,165,False,0,66,,-161
162,sub,156,158,4,9.0,1,9,256,Vector,163,False,0,76,,-162
163,exp,162,,5,9.0,1,9,256,Vector,"164, 169",False,0,77,,-163
164,reduce_sum,163,,6,9.0,1,9,1,Scalar,165,False,0,67,,-164
165,add,161,164,7,,,9,1,Scalar,166,False,0,68,,-165
166,inv,165,,8,9.0,,9,1,Scalar,"167, 169",False,0,69,,-166
167,mul,160,166,9,9.0,0,9,256,Vector,168,False,0,78,,-167
168,store,167,18,10,9.0,0,9,256,Vector,,False,0,,18,-168
169,mul,163,166,9,9.0,1,9,256,Vector,170,False,0,79,,-169
170,store,169,19,10,9.0,1,9,256,Vector,,False,0,,19,-170
171,load,20,,1,10.0,0,10,256,Vector,"172, 176",True,0,80,20,-171
172,reduce_max,171,,2,10.0,0,10,1,Scalar,175,False,0,70,,-172
173,load,21,,1,10.0,1,10,256,Vector,"174, 179",True,0,81,21,-173
174,reduce_max,173,,2,10.0,1,10,1,Scalar,175,False,0,71,,-174
175,max,172,174,3,,,10,1,Scalar,"176, 179",False,0,72,,-175
176,sub,171,175,4,10.0,0,10,256,Vector,177,False,0,82,,-176
177,exp,176,,5,10.0,0,10,256,Vector,"178, 184",False,0,83,,-177
178,reduce_sum,177,,6,10.0,0,10,1,Scalar,182,False,0,73,,-178
179,sub,173,175,4,10.0,1,10,256,Vector,180,False,0,84,,-179
180,exp,179,,5,10.0,1,10,256,Vector,"181, 186",False,0,85,,-180
181,reduce_sum,180,,6,10.0,1,10,1,Scalar,182,False,0,74,,-181
182,add,178,181,7,,,10,1,Scalar,183,False,0,75,,-182
183,inv,182,,8,10.0,,10,1,Scalar,"184, 186",False,0,76,,-183
184,mul,177,183,9,10.0,0,10,256,Vector,185,False,0,86,,-184
185,store,184,20,10,10.0,0,10,256,Vector,,False,0,,20,-185
186,mul,180,183,9,10.0,1,10,256,Vector,187,False,0,87,,-186
187,store,186,21,10,10.0,1,10,256,Vector,,False,0,,21,-187
188,load,22,,1,11.0,0,11,256,Vector,"189, 193",True,0,88,22,-188
189,reduce_max,188,,2,11.0,0,11,1,Scalar,192,False,0,77,,-189
190,load,23,,1,11.0,1,11,256,Vector,"191, 196",True,0,89,23,-190
191,reduce_max,190,,2,11.0,1,11,1,Scalar,192,False,0,78,,-191
192,max,189,191,3,,,11,1,Scalar,"193, 196",False,0,79,,-192
193,sub,188,192,4,11.0,0,11,256,Vector,194,False,0,90,,-193
194,exp,193,,5,11.0,0,11,256,Vector,"195, 201",False,0,91,,-194
195,reduce_sum,194,,6,11.0,0,11,1,Scalar,199,False,0,80,,-195
196,sub,190,192,4,11.0,1,11,256,Vector,197,False,0,92,,-196
197,exp,196,,5,11.0,1,11,256,Vector,"198, 203",False,0,93,,-197
198,reduce_sum,197,,6,11.0,1,11,1,Scalar,199,False,0,81,,-198
199,add,195,198,7,,,11,1,Scalar,200,False,0,82,,-199
200,inv,199,,8,11.0,,11,1,Scalar,"201, 203",False,0,83,,-200
201,mul,194,200,9,11.0,0,11,256,Vector,202,False,0,94,,-201
202,store,201,22,10,11.0,0,11,256,Vector,,False,0,,22,-202
203,mul,197,200,9,11.0,1,11,256,Vector,204,False,0,95,,-203
204,store,203,23,10,11.0,1,11,256,Vector,,False,0,,23,-204
205,load,24,,1,12.0,0,12,256,Vector,"206, 210",True,0,96,24,-205
206,reduce_max,205,,2,12.0,0,12,1,Scalar,209,False,0,84,,-206
207,load,25,,1,12.0,1,12,256,Vector,"208, 213",True,0,97,25,-207
208,reduce_max,207,,2,12.0,1,12,1,Scalar,209,False,0,85,,-208
209,max,206,208,3,,,12,1,Scalar,"210, 213",False,0,86,,-209
210,sub,205,209,4,12.0,0,12,256,Vector,211,False,0,98,,-210
211,exp,210,,5,12.0,0,12,256,Vector,"212, 218",False,0,99,,-211
212,reduce_sum,211,,6,12.0,0,12,1,Scalar,216,False,0,87,,-212
213,sub,207,209,4,12.0,1,12,256,Vector,214,False,0,100,,-213
214,exp,213,,5,12.0,1,12,256,Vector,"215, 220",False,0,101,,-214
215,reduce_sum,214,,6,12.0,1,12,1,Scalar,216,False,0,88,,-215
216,add,212,215,7,,,12,1,Scalar,217,False,0,89,,-216
217,inv,216,,8,12.0,,12,1,Scalar,"218, 220",False,0,90,,-217
218,mul,211,217,9,12.0,0,12,256,Vector,219,False,0,102,,-218
219,store,218,24,10,12.0,0,12,256,Vector,,False,0,,24,-219
220,mul,214,217,9,12.0,1,12,256,Vector,221,False,0,103,,-220
221,store,220,25,10,12.0,1,12,256,Vector,,False,0,,25,-221
222,load,26,,1,13.0,0,13,256,Vector,"223, 227",True,0,104,26,-222
223,reduce_max,222,,2,13.0,0,13,1,Scalar,226,False,0,91,,-223
224,load,27,,1,13.0,1,13,256,Vector,"225, 230",True,0,105,27,-224
225,reduce_max,224,,2,13.0,1,13,1,Scalar,226,False,0,92,,-225
226,max,223,225,3,,,13,1,Scalar,"227, 230",False,0,93,,-226
227,sub,222,226,4,13.0,0,13,256,Vector,228,False,0,106,,-227
228,exp,227,,5,13.0,0,13,256,Vector,"229, 235",False,0,107,,-228
229,reduce_sum,228,,6,13.0,0,13,1,Scalar,233,False,0,94,,-229
230,sub,224,226,4,13.0,1,13,256,Vector,231,False,0,108,,-230
231,exp,230,,5,13.0,1,13,256,Vector,"232, 237",False,0,109,,-231
232,reduce_sum,231,,6,13.0,1,13,1,Scalar,233,False,0,95,,-232
233,add,229,232,7,,,13,1,Scalar,234,False,0,96,,-233
234,inv,233,,8,13.0,,13,1,Scalar,"235, 237",False,0,97,,-234
235,mul,228,234,9,13.0,0,13,256,Vector,236,False,0,110,,-235
236,store,235,26,10,13.0,0,13,256,Vector,,False,0,,26,-236
237,mul,231,234,9,13.0,1,13,256,Vector,238,False,0,111,,-237
238,store,237,27,10,13.0,1,13,256,Vector,,False,0,,27,-238
239,load,28,,1,14.0,0,14,256,Vector,"240, 244",True,0,112,28,-239
240,reduce_max,239,,2,14.0,0,14,1,Scalar,243,False,0,98,,-240
241,load,29,,1,14.0,1,14,256,Vector,"242, 247",True,0,113,29,-241
242,reduce_max,241,,2,14.0,1,14,1,Scalar,243,False,0,99,,-242
243,max,240,242,3,,,14,1,Scalar,"244, 247",False,0,100,,-243
244,sub,239,243,4,14.0,0,14,256,Vector,245,False,0,114,,-244
245,exp,244,,5,14.0,0,14,256,Vector,"246, 252",False,0,115,,-245
246,reduce_sum,245,,6,14.0,0,14,1,Scalar,250,False,0,101,,-246
247,sub,241,243,4,14.0,1,14,256,Vector,248,False,0,116,,-247
248,exp,247,,5,14.0,1,14,256,Vector,"249, 254",False,0,117,,-248
249,reduce_sum,248,,6,14.0,1,14,1,Scalar,250,False,0,102,,-249
250,add,246,249,7,,,14,1,Scalar,251,False,0,103,,-250
251,inv,250,,8,14.0,,14,1,Scalar,"252, 254",False,0,104,,-251
252,mul,245,251,9,14.0,0,14,256,Vector,253,False,0,118,,-252
253,store,252,28,10,14.0,0,14,256,Vector,,False,0,,28,-253
254,mul,248,251,9,14.0,1,14,256,Vector,255,False,0,119,,-254
255,store,254,29,10,14.0,1,14,256,Vector,,False,0,,29,-255
256,load,30,,1,15.0,0,15,256,Vector,"257, 261",True,0,120,30,-256
257,reduce_max,256,,2,15.0,0,15,1,Scalar,260,False,0,105,,-257
258,load,31,,1,15.0,1,15,256,Vector,"259, 264",True,0,121,31,-258
259,reduce_max,258,,2,15.0,1,15,1,Scalar,260,False,0,106,,-259
260,max,257,259,3,,,15,1,Scalar,"261, 264",False,0,107,,-260
261,sub,256,260,4,15.0,0,15,256,Vector,262,False,0,122,,-261
262,exp,261,,5,15.0,0,15,256,Vector,"263, 269",False,0,123,,-262
263,reduce_sum,262,,6,15.0,0,15,1,Scalar,267,False,0,108,,-263
264,sub,258,260,4,15.0,1,15,256,Vector,265,False,0,124,,-264
265,exp,264,,5,15.0,1,15,256,Vector,"266, 271",False,0,125,,-265
266,reduce_sum,265,,6,15.0,1,15,1,Scalar,267,False,0,109,,-266
267,add,263,266,7,,,15,1,Scalar,268,False,0,110,,-267
268,inv,267,,8,15.0,,15,1,Scalar,"269, 271",False,0,111,,-268
269,mul,262,268,9,15.0,0,15,256,Vector,270,False,0,126,,-269
270,store,269,30,10,15.0,0,15,256,Vector,,False,0,,30,-270
271,mul,265,268,9,15.0,1,15,256,Vector,272,False,0,127,,-271
272,store,271,31,10,15.0,1,15,256,Vector,,False,0,,31,-272
273,load,32,,1,16.0,0,16,256,Vector,"274, 278",True,0,128,32,-273
274,reduce_max,273,,2,16.0,0,16,1,Scalar,277,False,0,112,,-274
275,load,33,,1,16.0,1,16,256,Vector,"276, 281",True,0,129,33,-275
276,reduce_max,275,,2,16.0,1,16,1,Scalar,277,False,0,113,,-276
277,max,274,276,3,,,16,1,Scalar,"278, 281",False,0,114,,-277
278,sub,273,277,4,16.0,0,16,256,Vector,279,False,0,130,,-278
279,exp,278,,5,16.0,0,16,256,Vector,"280, 286",False,0,131,,-279
280,reduce_sum,279,,6,16.0,0,16,1,Scalar,284,False,0,115,,-280
281,sub,275,277,4,16.0,1,16,256,Vector,282,False,0,132,,-281
282,exp,281,,5,16.0,1,16,256,Vector,"283, 288",False,0,133,,-282
283,reduce_sum,282,,6,16.0,1,16,1,Scalar,284,False,0,116,,-283
284,add,280,283,7,,,16,1,Scalar,285,False,0,117,,-284
285,inv,284,,8,16.0,,16,1,Scalar,"286, 288",False,0,118,,-285
286,mul,279,285,9,16.0,0,16,256,Vector,287,False,0,134,,-286
287,store,286,32,10,16.0,0,16,256,Vector,,False,0,,32,-287
288,mul,282,285,9,16.0,1,16,256,Vector,289,False,0,135,,-288
289,store,288,33,10,16.0,1,16,256,Vector,,False,0,,33,-289
290,load,34,,1,17.0,0,17,256,Vector,"291, 295",True,0,136,34,-290
291,reduce_max,290,,2,17.0,0,17,1,Scalar,294,False,0,119,,-291
292,load,35,,1,17.0,1,17,256,Vector,"293, 298",True,0,137,35,-292
293,reduce_max,292,,2,17.0,1,17,1,Scalar,294,False,0,120,,-293
294,max,291,293,3,,,17,1,Scalar,"295, 298",False,0,121,,-294
295,sub,290,294,4,17.0,0,17,256,Vector,296,False,0,138,,-295
296,exp,295,,5,17.0,0,17,256,Vector,"297, 303",False,0,139,,-296
297,reduce_sum,296,,6,17.0,0,17,1,Scalar,301,False,0,122,,-297
298,sub,292,294,4,17.0,1,17,256,Vector,299,False,0,140,,-298
299,exp,298,,5,17.0,1,17,256,Vector,"300, 305",False,0,141,,-299
300,reduce_sum,299,,6,17.0,1,17,1,Scalar,301,False,0,123,,-300
301,add,297,300,7,,,17,1,Scalar,302,False,0,124,,-301
302,inv,301,,8,17.0,,17,1,Scalar,"303, 305",False,0,125,,-302
303,mul,296,302,9,17.0,0,17,256,Vector,304,False,0,142,,-303
304,store,303,34,10,17.0,0,17,256,Vector,,False,0,,34,-304
305,mul,299,302,9,17.0,1,17,256,Vector,306,False,0,143,,-305
306,store,305,35,10,17.0,1,17,256,Vector,,False,0,,35,-306
307,load,36,,1,18.0,0,18,256,Vector,"308, 312",True,0,144,36,-307
308,reduce_max,307,,2,18.0,0,18,1,Scalar,311,False,0,126,,-308
309,load,37,,1,18.0,1,18,256,Vector,"310, 315",True,0,145,37,-309
310,reduce_max,309,,2,18.0,1,18,1,Scalar,311,False,0,127,,-310
311,max,308,310,3,,,18,1,Scalar,"312, 315",False,0,128,,-311
312,sub,307,311,4,18.0,0,18,256,Vector,313,False,0,146,,-312
313,exp,312,,5,18.0,0,18,256,Vector,"314, 320",False,0,147,,-313
314,reduce_sum,313,,6,18.0,0,18,1,Scalar,318,False,0,129,,-314
315,sub,309,311,4,18.0,1,18,256,Vector,316,False,0,148,,-315
316,exp,315,,5,18.0,1,18,256,Vector,"317, 322",False,0,149,,-316
317,reduce_sum,316,,6,18.0,1,18,1,Scalar,318,False,0,130,,-317
318,add,314,317,7,,,18,1,Scalar,319,False,0,131,,-318
319,inv,318,,8,18.0,,18,1,Scalar,"320, 322",False,0,132,,-319
320,mul,313,319,9,18.0,0,18,256,Vector,321,False,0,150,,-320
321,store,320,36,10,18.0,0,18,256,Vector,,False,0,,36,-321
322,mul,316,319,9,18.0,1,18,256,Vector,323,False,0,151,,-322
323,store,322,37,10,18.0,1,18,256,Vector,,False,0,,37,-323
324,load,38,,1,19.0,0,19,256,Vector,"325, 329",True,0,152,38,-324
325,reduce_max,324,,2,19.0,0,19,1,Scalar,328,False,0,133,,-325
326,load,39,,1,19.0,1,19,256,Vector,"327, 332",True,0,153,39,-326
327,reduce_max,326,,2,19.0,1,19,1,Scalar,328,False,0,134,,-327
328,max,325,327,3,,,19,1,Scalar,"329, 332",False,0,135,,-328
329,sub,324,328,4,19.0,0,19,256,Vector,330,False,0,154,,-329
330,exp,329,,5,19.0,0,19,256,Vector,"331, 337",False,0,155,,-330
331,reduce_sum,330,,6,19.0,0,19,1,Scalar,335,False,0,136,,-331
332,sub,326,328,4,19.0,1,19,256,Vector,333,False,0,156,,-332
333,exp,332,,5,19.0,1,19,256,Vector,"334, 339",False,0,157,,-333
334,reduce_sum,333,,6,19.0,1,19,1,Scalar,335,False,0,137,,-334
335,add,331,334,7,,,19,1,Scalar,336,False,0,138,,-335
336,inv,335,,8,19.0,,19,1,Scalar,"337, 339",False,0,139,,-336
337,mul,330,336,9,19.0,0,19,256,Vector,338,False,0,158,,-337
338,store,337,38,10,19.0,0,19,256,Vector,,False,0,,38,-338
339,mul,333,336,9,19.0,1,19,256,Vector,340,False,0,159,,-339
340,store,339,39,10,19.0,1,19,256,Vector,,False,0,,39,-340
341,load,40,,1,20.0,0,20,256,Vector,"342, 346",True,0,160,40,-341
342,reduce_max,341,,2,20.0,0,20,1,Scalar,345,False,0,140,,-342
343,load,41,,1,20.0,1,20,256,Vector,"344, 349",True,0,161,41,-343
344,reduce_max,343,,2,20.0,1,20,1,Scalar,345,False,0,141,,-344
345,max,342,344,3,,,20,1,Scalar,"346, 349",False,0,142,,-345
346,sub,341,345,4,20.0,0,20,256,Vector,347,False,0,162,,-346
347,exp,346,,5,20.0,0,20,256,Vector,"348, 354",False,0,163,,-347
348,reduce_sum,347,,6,20.0,0,20,1,Scalar,352,False,0,143,,-348
349,sub,343,345,4,20.0,1,20,256,Vector,350,False,0,164,,-349
350,exp,349,,5,20.0,1,20,256,Vector,"351, 356",False,0,165,,-350
351,reduce_sum,350,,6,20.0,1,20,1,Scalar,352,False,0,144,,-351
352,add,348,351,7,,,20,1,Scalar,353,False,0,145,,-352
353,inv,352,,8,20.0,,20,1,Scalar,"354, 356",False,0,146,,-353
354,mul,347,353,9,20.0,0,20,256,Vector,355,False,0,166,,-354
355,store,354,40,10,20.0,0,20,256,Vector,,False,0,,40,-355
356,mul,350,353,9,20.0,1,20,256,Vector,357,False,0,167,,-356
357,store,356,41,10,20.0,1,20,256,Vector,,False,0,,41,-357
358,load,42,,1,21.0,0,21,256,Vector,"359, 363",True,0,168,42,-358
359,reduce_max,358,,2,21.0,0,21,1,Scalar,362,False,0,147,,-359
360,load,43,,1,21.0,1,21,256,Vector,"361, 366",True,0,169,43,-360
361,reduce_max,360,,2,21.0,1,21,1,Scalar,362,False,0,148,,-361
362,max,359,361,3,,,21,1,Scalar,"363, 366",False,0,149,,-362
363,sub,358,362,4,21.0,0,21,256,Vector,364,False,0,170,,-363
364,exp,363,,5,21.0,0,21,256,Vector,"365, 371",False,0,171,,-364
365,reduce_sum,364,,6,21.0,0,21,1,Scalar,369,False,0,150,,-365
366,sub,360,362,4,21.0,1,21,256,Vector,367,False,0,172,,-366
367,exp,366,,5,21.0,1,21,256,Vector,"368, 373",False,0,173,,-367
368,reduce_sum,367,,6,21.0,1,21,1,Scalar,369,False,0,151,,-368
369,add,365,368,7,,,21,1,Scalar,370,False,0,152,,-369
370,inv,369,,8,21.0,,21,1,Scalar,"371, 373",False,0,153,,-370
371,mul,364,370,9,21.0,0,21,256,Vector,372,False,0,174,,-371
372,store,371,42,10,21.0,0,21,256,Vector,,False,0,,42,-372
373,mul,367,370,9,21.0,1,21,256,Vector,374,False,0,175,,-373
374,store,373,43,10,21.0,1,21,256,Vector,,False,0,,43,-374
375,load,44,,1,22.0,0,22,256,Vector,"376, 380",True,0,176,44,-375
376,reduce_max,375,,2,22.0,0,22,1,Scalar,379,False,0,154,,-376
377,load,45,,1,22.0,1,22,256,Vector,"378, 383",True,0,177,45,-377
378,reduce_max,377,,2,22.0,1,22,1,Scalar,379,False,0,155,,-378
379,max,376,378,3,,,22,1,Scalar,"380, 383",False,0,156,,-379
380,sub,375,379,4,22.0,0,22,256,Vector,381,False,0,178,,-380
381,exp,380,,5,22.0,0,22,256,Vector,"382, 388",False,0,179,,-381
382,reduce_sum,381,,6,22.0,0,22,1,Scalar,386,False,0,157,,-382
383,sub,377,379,4,22.0,1,22,256,Vector,384,False,0,180,,-383
384,exp,383,,5,22.0,1,22,256,Vector,"385, 390",False,0,181,,-384
385,reduce_sum,384,,6,22.0,1,22,1,Scalar,386,False,0,158,,-385
386,add,382,385,7,,,22,1,Scalar,387,False,0,159,,-386
387,inv,386,,8,22.0,,22,1,Scalar,"388, 390",False,0,160,,-387
388,mul,381,387,9,22.0,0,22,256,Vector,389,False,0,182,,-388
389,store,388,44,10,22.0,0,22,256,Vector,,False,0,,44,-389
390,mul,384,387,9,22.0,1,22,256,Vector,391,False,0,183,,-390
391,store,390,45,10,22.0,1,22,256,Vector,,False,0,,45,-391
392,load,46,,1,23.0,0,23,256,Vector,"393, 397",True,0,184,46,-392
393,reduce_max,392,,2,23.0,0,23,1,Scalar,396,False,0,161,,-393
394,load,47,,1,23.0,1,23,256,Vector,"395, 400",True,0,185,47,-394
395,reduce_max,394,,2,23.0,1,23,1,Scalar,396,False,0,162,,-395
396,max,393,395,3,,,23,1,Scalar,"397, 400",False,0,163,,-396
397,sub,392,396,4,23.0,0,23,256,Vector,398,False,0,186,,-397
398,exp,397,,5,23.0,0,23,256,Vector,"399, 405",False,0,187,,-398
399,reduce_sum,398,,6,23.0,0,23,1,Scalar,403,False,0,164,,-399
400,sub,394,396,4,23.0,1,23,256,Vector,401,False,0,188,,-400
401,exp,400,,5,23.0,1,23,256,Vector,"402, 407",False,0,189,,-401
402,reduce_sum,401,,6,23.0,1,23,1,Scalar,403,False,0,165,,-402
403,add,399,402,7,,,23,1,Scalar,404,False,0,166,,-403
404,inv,403,,8,23.0,,23,1,Scalar,"405, 407",False,0,167,,-404
405,mul,398,404,9,23.0,0,23,256,Vector,406,False,0,190,,-405
406,store,405,46,10,23.0,0,23,256,Vector,,False,0,,46,-406
407,mul,401,404,9,23.0,1,23,256,Vector,408,False,0,191,,-407
408,store,407,47,10,23.0,1,23,256,Vector,,False,0,,47,-408
409,load,48,,1,24.0,0,24,256,Vector,"410, 414",True,0,192,48,-409
410,reduce_max,409,,2,24.0,0,24,1,Scalar,413,False,0,168,,-410
411,load,49,,1,24.0,1,24,256,Vector,"412, 417",True,0,193,49,-411
412,reduce_max,411,,2,24.0,1,24,1,Scalar,413,False,0,169,,-412
413,max,410,412,3,,,24,1,Scalar,"414, 417",False,0,170,,-413
414,sub,409,413,4,24.0,0,24,256,Vector,415,False,0,194,,-414
415,exp,414,,5,24.0,0,24,256,Vector,"416, 422",False,0,195,,-415
416,reduce_sum,415,,6,24.0,0,24,1,Scalar,420,False,0,171,,-416
417,sub,411,413,4,24.0,1,24,256,Vector,418,False,0,196,,-417
418,exp,417,,5,24.0,1,24,256,Vector,"419, 424",False,0,197,,-418
419,reduce_sum,418,,6,24.0,1,24,1,Scalar,420,False,0,172,,-419
420,add,416,419,7,,,24,1,Scalar,421,False,0,173,,-420
421,inv,420,,8,24.0,,24,1,Scalar,"422, 424",False,0,174,,-421
422,mul,415,421,9,24.0,0,24,256,Vector,423,False,0,198,,-422
423,store,422,48,10,24.0,0,24,256,Vector,,False,0,,48,-423
424,mul,418,421,9,24.0,1,24,256,Vector,425,False,0,199,,-424
425,store,424,49,10,24.0,1,24,256,Vector,,False,0,,49,-425
426,load,50,,1,25.0,0,25,256,Vector,"427, 431",True,0,200,50,-426
427,reduce_max,426,,2,25.0,0,25,1,Scalar,430,False,0,175,,-427
428,load,51,,1,25.0,1,25,256,Vector,"429, 434",True,0,201,51,-428
429,reduce_max,428,,2,25.0,1,25,1,Scalar,430,False,0,176,,-429
430,max,427,429,3,,,25,1,Scalar,"431, 434",False,0,177,,-430
431,sub,426,430,4,25.0,0,25,256,Vector,432,False,0,202,,-431
432,exp,431,,5,25.0,0,25,256,Vector,"433, 439",False,0,203,,-432
433,reduce_sum,432,,6,25.0,0,25,1,Scalar,437,False,0,178,,-433
434,sub,428,430,4,25.0,1,25,256,Vector,435,False,0,204,,-434
435,exp,434,,5,25.0,1,25,256,Vector,"436, 441",False,0,205,,-435
436,reduce_sum,435,,6,25.0,1,25,1,Scalar,437,False,0,179,,-436
437,add,433,436,7,,,25,1,Scalar,438,False,0,180,,-437
438,inv,437,,8,25.0,,25,1,Scalar,"439, 441",False,0,181,,-438
439,mul,432,438,9,25.0,0,25,256,Vector,440,False,0,206,,-439
440,store,439,50,10,25.0,0,25,256,Vector,,False,0,,50,-440
441,mul,435,438,9,25.0,1,25,256,Vector,442,False,0,207,,-441
442,store,441,51,10,25.0,1,25,256,Vector,,False,0,,51,-442
443,load,52,,1,26.0,0,26,256,Vector,"444, 448",True,0,208,52,-443
444,reduce_max,443,,2,26.0,0,26,1,Scalar,447,False,0,182,,-444
445,load,53,,1,26.0,1,26,256,Vector,"446, 451",True,0,209,53,-445
446,reduce_max,445,,2,26.0,1,26,1,Scalar,447,False,0,183,,-446
447,max,444,446,3,,,26,1,Scalar,"448, 451",False,0,184,,-447
448,sub,443,447,4,26.0,0,26,256,Vector,449,False,0,210,,-448
449,exp,448,,5,26.0,0,26,256,Vector,"450, 456",False,0,211,,-449
450,reduce_sum,449,,6,26.0,0,26,1,Scalar,454,False,0,185,,-450
451,sub,445,447,4,26.0,1,26,256,Vector,452,False,0,212,,-451
452,exp,451,,5,26.0,1,26,256,Vector,"453, 458",False,0,213,,-452
453,reduce_sum,452,,6,26.0,1,26,1,Scalar,454,False,0,186,,-453
454,add,450,453,7,,,26,1,Scalar,455,False,0,187,,-454
455,inv,454,,8,26.0,,26,1,Scalar,"456, 458",False,0,188,,-455
456,mul,449,455,9,26.0,0,26,256,Vector,457,False,0,214,,-456
457,store,456,52,10,26.0,0,26,256,Vector,,False,0,,52,-457
458,mul,452,455,9,26.0,1,26,256,Vector,459,False,0,215,,-458
459,store,458,53,10,26.0,1,26,256,Vector,,False,0,,53,-459
460,load,54,,1,27.0,0,27,256,Vector,"461, 465",True,0,216,54,-460
461,reduce_max,460,,2,27.0,0,27,1,Scalar,464,False,0,189,,-461
462,load,55,,1,27.0,1,27,256,Vector,"463, 468",True,0,217,55,-462
463,reduce_max,462,,2,27.0,1,27,1,Scalar,464,False,0,190,,-463
464,max,461,463,3,,,27,1,Scalar,"465, 468",False,0,191,,-464
465,sub,460,464,4,27.0,0,27,256,Vector,466,False,0,218,,-465
466,exp,465,,5,27.0,0,27,256,Vector,"467, 473",False,0,219,,-466
467,reduce_sum,466,,6,27.0,0,27,1,Scalar,471,False,0,192,,-467
468,sub,462,464,4,27.0,1,27,256,Vector,469,False,0,220,,-468
469,exp,468,,5,27.0,1,27,256,Vector,"470, 475",False,0,221,,-469
470,reduce_sum,469,,6,27.0,1,27,1,Scalar,471,False,0,193,,-470
471,add,467,470,7,,,27,1,Scalar,472,False,0,194,,-471
472,inv,471,,8,27.0,,27,1,Scalar,"473, 475",False,0,195,,-472
473,mul,466,472,9,27.0,0,27,256,Vector,474,False,0,222,,-473
474,store,473,54,10,27.0,0,27,256,Vector,,False,0,,54,-474
475,mul,469,472,9,27.0,1,27,256,Vector,476,False,0,223,,-475
476,store,475,55,10,27.0,1,27,256,Vector,,False,0,,55,-476
477,load,56,,1,28.0,0,28,256,Vector,"478, 482",True,0,224,56,-477
478,reduce_max,477,,2,28.0,0,28,1,Scalar,481,False,0,196,,-478
479,load,57,,1,28.0,1,28,256,Vector,"480, 485",True,0,225,57,-479
480,reduce_max,479,,2,28.0,1,28,1,Scalar,481,False,0,197,,-480
481,max,478,480,3,,,28,1,Scalar,"482, 485",False,0,198,,-481
482,sub,477,481,4,28.0,0,28,256,Vector,483,False,0,226,,-482
483,exp,482,,5,28.0,0,28,256,Vector,"484, 490",False,0,227,,-483
484,reduce_sum,483,,6,28.0,0,28,1,Scalar,488,False,0,199,,-484
485,sub,479,481,4,28.0,1,28,256,Vector,486,False,0,228,,-485
486,exp,485,,5,28.0,1,28,256,Vector,"487, 492",False,0,229,,-486
487,reduce_sum,486,,6,28.0,1,28,1,Scalar,488,False,0,200,,-487
488,add,484,487,7,,,28,1,Scalar,489,False,0,201,,-488
489,inv,488,,8,28.0,,28,1,Scalar,"490, 492",False,0,202,,-489
490,mul,483,489,9,28.0,0,28,256,Vector,491,False,0,230,,-490
491,store,490,56,10,28.0,0,28,256,Vector,,False,0,,56,-491
492,mul,486,489,9,28.0,1,28,256,Vector,493,False,0,231,,-492
493,store,492,57,10,28.0,1,28,256,Vector,,False,0,,57,-493
494,load,58,,1,29.0,0,29,256,Vector,"495, 499",True,0,232,58,-494
495,reduce_max,494,,2,29.0,0,29,1,Scalar,498,False,0,203,,-495
496,load,59,,1,29.0,1,29,256,Vector,"497, 502",True,0,233,59,-496
497,reduce_max,496,,2,29.0,1,29,1,Scalar,498,False,0,204,,-497
498,max,495,497,3,,,29,1,Scalar,"499, 502",False,0,205,,-498
499,sub,494,498,4,29.0,0,29,256,Vector,500,False,0,234,,-499
500,exp,499,,5,29.0,0,29,256,Vector,"501, 507",False,0,235,,-500
501,reduce_sum,500,,6,29.0,0,29,1,Scalar,505,False,0,206,,-501
502,sub,496,498,4,29.0,1,29,256,Vector,503,False,0,236,,-502
503,exp,502,,5,29.0,1,29,256,Vector,"504, 509",False,0,237,,-503
504,reduce_sum,503,,6,29.0,1,29,1,Scalar,505,False,0,207,,-504
505,add,501,504,7,,,29,1,Scalar,506,False,0,208,,-505
506,inv,505,,8,29.0,,29,1,Scalar,"507, 509",False,0,209,,-506
507,mul,500,506,9,29.0,0,29,256,Vector,508,False,0,238,,-507
508,store,507,58,10,29.0,0,29,256,Vector,,False,0,,58,-508
509,mul,503,506,9,29.0,1,29,256,Vector,510,False,0,239,,-509
510,store,509,59,10,29.0,1,29,256,Vector,,False,0,,59,-510
511,load,60,,1,30.0,0,30,256,Vector,"512, 516",True,0,240,60,-511
512,reduce_max,511,,2,30.0,0,30,1,Scalar,515,False,0,210,,-512
513,load,61,,1,30.0,1,30,256,Vector,"514, 519",True,0,241,61,-513
514,reduce_max,513,,2,30.0,1,30,1,Scalar,515,False,0,211,,-514
515,max,512,514,3,,,30,1,Scalar,"516, 519",False,0,212,,-515
516,sub,511,515,4,30.0,0,30,256,Vector,517,False,0,242,,-516
517,exp,516,,5,30.0,0,30,256,Vector,"518, 524",False,0,243,,-517
518,reduce_sum,517,,6,30.0,0,30,1,Scalar,522,False,0,213,,-518
519,sub,513,515,4,30.0,1,30,256,Vector,520,False,0,244,,-519
520,exp,519,,5,30.0,1,30,256,Vector,"521, 526",False,0,245,,-520
521,reduce_sum,520,,6,30.0,1,30,1,Scalar,522,False,0,214,,-521
522,add,518,521,7,,,30,1,Scalar,523,False,0,215,,-522
523,inv,522,,8,30.0,,30,1,Scalar,"524, 526",False,0,216,,-523
524,mul,517,523,9,30.0,0,30,256,Vector,525,False,0,246,,-524
525,store,524,60,10,30.0,0,30,256,Vector,,False,0,,60,-525
526,mul,520,523,9,30.0,1,30,256,Vector,527,False,0,247,,-526
527,store,526,61,10,30.0,1,30,256,Vector,,False,0,,61,-527
528,load,62,,1,31.0,0,31,256,Vector,"529, 533",True,0,248,62,-528
529,reduce_max,528,,2,31.0,0,31,1,Scalar,532,False,0,217,,-529
530,load,63,,1,31.0,1,31,256,Vector,"531, 536",True,0,249,63,-530
531,reduce_max,530,,2,31.0,1,31,1,Scalar,532,False,0,218,,-531
532,max,529,531,3,,,31,1,Scalar,"533, 536",False,0,219,,-532
533,sub,528,532,4,31.0,0,31,256,Vector,534,False,0,250,,-533
534,exp,533,,5,31.0,0,31,256,Vector,"535, 541",False,0,251,,-534
535,reduce_sum,534,,6,31.0,0,31,1,Scalar,539,False,0,220,,-535
536,sub,530,532,4,31.0,1,31,256,Vector,537,False,0,252,,-536
537,exp,536,,5,31.0,1,31,256,Vector,"538, 543",False,0,253,,-537
538,reduce_sum,537,,6,31.0,1,31,1,Scalar,539,False,0,221,,-538
539,add,535,538,7,,,31,1,Scalar,540,False,0,222,,-539
540,inv,539,,8,31.0,,31,1,Scalar,"541, 543",False,0,223,,-540
541,mul,534,540,9,31.0,0,31,256,Vector,542,False,0,254,,-541
542,store,541,62,10,31.0,0,31,256,Vector,,False,0,,62,-542
543,mul,537,540,9,31.0,1,31,256,Vector,544,False,0,255,,-543
544,store,543,63,10,31.0,1,31,256,Vector,,False,0,,63,-544
545,load,64,,1,32.0,0,32,256,Vector,"546, 550",True,0,0,64,-545
546,reduce_max,545,,2,32.0,0,32,1,Scalar,549,False,0,224,,-546
547,load,65,,1,32.0,1,32,256,Vector,"548, 553",True,0,1,65,-547
548,reduce_max,547,,2,32.0,1,32,1,Scalar,549,False,0,225,,-548
549,max,546,548,3,,,32,1,Scalar,"550, 553",False,0,226,,-549
550,sub,545,549,4,32.0,0,32,256,Vector,551,False,0,2,,-550
551,exp,550,,5,32.0,0,32,256,Vector,"552, 558",False,0,3,,-551
552,reduce_sum,551,,6,32.0,0,32,1,Scalar,556,False,0,227,,-552
553,sub,547,549,4,32.0,1,32,256,Vector,554,False,0,4,,-553
554,exp,553,,5,32.0,1,32,256,Vector,"555, 560",False,0,5,,-554
555,reduce_sum,554,,6,32.0,1,32,1,Scalar,556,False,0,228,,-555
556,add,552,555,7,,,32,1,Scalar,557,False,0,229,,-556
557,inv,556,,8,32.0,,32,1,Scalar,"558, 560",False,0,230,,-557
558,mul,551,557,9,32.0,0,32,256,Vector,559,False,0,6,,-558
559,store,558,64,10,32.0,0,32,256,Vector,,False,0,,64,-559
560,mul,554,557,9,32.0,1,32,256,Vector,561,False,0,7,,-560
561,store,560,65,10,32.0,1,32,256,Vector,,False,0,,65,-561
562,load,66,,1,33.0,0,33,256,Vector,"563, 567",True,0,8,66,-562
563,reduce_max,562,,2,33.0,0,33,1,Scalar,566,False,0,231,,-563
564,load,67,,1,33.0,1,33,256,Vector,"565, 570",True,0,9,67,-564
565,reduce_max,564,,2,33.0,1,33,1,Scalar,566,False,0,232,,-565
566,max,563,565,3,,,33,1,Scalar,"567, 570",False,0,233,,-566
567,sub,562,566,4,33.0,0,33,256,Vector,568,False,0,10,,-567
568,exp,567,,5,33.0,0,33,256,Vector,"569, 575",False,0,11,,-568
569,reduce_sum,568,,6,33.0,0,33,1,Scalar,573,False,0,234,,-569
570,sub,564,566,4,33.0,1,33,256,Vector,571,False,0,12,,-570
571,exp,570,,5,33.0,1,33,256,Vector,"572, 577",False,0,13,,-571
572,reduce_sum,571,,6,33.0,1,33,1,Scalar,573,False,0,235,,-572
573,add,569,572,7,,,33,1,Scalar,574,False,0,236,,-573
574,inv,573,,8,33.0,,33,1,Scalar,"575, 577",False,0,237,,-574
575,mul,568,574,9,33.0,0,33,256,Vector,576,False,0,14,,-575
576,store,575,66,10,33.0,0,33,256,Vector,,False,0,,66,-576
577,mul,571,574,9,33.0,1,33,256,Vector,578,False,0,15,,-577
578,store,577,67,10,33.0,1,33,256,Vector,,False,0,,67,-578
579,load,68,,1,34.0,0,34,256,Vector,"580, 584",True,0,16,68,-579
580,reduce_max,579,,2,34.0,0,34,1,Scalar,583,False,0,238,,-580
581,load,69,,1,34.0,1,34,256,Vector,"582, 587",True,0,17,69,-581
582,reduce_max,581,,2,34.0,1,34,1,Scalar,583,False,0,239,,-582
583,max,580,582,3,,,34,1,Scalar,"584, 587",False,0,240,,-583
584,sub,579,583,4,34.0,0,34,256,Vector,585,False,0,18,,-584
585,exp,584,,5,34.0,0,34,256,Vector,"586, 592",False,0,19,,-585
586,reduce_sum,585,,6,34.0,0,34,1,Scalar,590,False,0,241,,-586
587,sub,581,583,4,34.0,1,34,256,Vector,588,False,0,20,,-587
588,exp,587,,5,34.0,1,34,256,Vector,"589, 594",False,0,21,,-588
589,reduce_sum,588,,6,34.0,1,34,1,Scalar,590,False,0,242,,-589
590,add,586,589,7,,,34,1,Scalar,591,False,0,243,,-590
591,inv,590,,8,34.0,,34,1,Scalar,"592, 594",False,0,244,,-591
592,mul,585,591,9,34.0,0,34,256,Vector,593,False,0,22,,-592
593,store,592,68,10,34.0,0,34,256,Vector,,False,0,,68,-593
594,mul,588,591,9,34.0,1,34,256,Vector,595,False,0,23,,-594
595,store,594,69,10,34.0,1,34,256,Vector,,False,0,,69,-595
596,load,70,,1,35.0,0,35,256,Vector,"597, 601",True,0,24,70,-596
597,reduce_max,596,,2,35.0,0,35,1,Scalar,600,False,0,245,,-597
598,load,71,,1,35.0,1,35,256,Vector,"599, 604",True,0,25,71,-598
599,reduce_max,598,,2,35.0,1,35,1,Scalar,600,False,0,246,,-599
600,max,597,599,3,,,35,1,Scalar,"601, 604",False,0,247,,-600
601,sub,596,600,4,35.0,0,35,256,Vector,602,False,0,26,,-601
602,exp,601,,5,35.0,0,35,256,Vector,"603, 609",False,0,27,,-602
603,reduce_sum,602,,6,35.0,0,35,1,Scalar,607,False,0,248,,-603
604,sub,598,600,4,35.0,1,35,256,Vector,605,False,0,28,,-604
605,exp,604,,5,35.0,1,35,256,Vector,"606, 611",False,0,29,,-605
606,reduce_sum,605,,6,35.0,1,35,1,Scalar,607,False,0,249,,-606
607,add,603,606,7,,,35,1,Scalar,608,False,0,250,,-607
608,inv,607,,8,35.0,,35,1,Scalar,"609, 611",False,0,251,,-608
609,mul,602,608,9,35.0,0,35,256,Vector,610,False,0,30,,-609
610,store,609,70,10,35.0,0,35,256,Vector,,False,0,,70,-610
611,mul,605,608,9,35.0,1,35,256,Vector,612,False,0,31,,-611
612,store,611,71,10,35.0,1,35,256,Vector,,False,0,,71,-612
613,load,72,,1,36.0,0,36,256,Vector,"614, 618",True,0,32,72,-613
614,reduce_max,613,,2,36.0,0,36,1,Scalar,617,False,0,252,,-614
615,load,73,,1,36.0,1,36,256,Vector,"616, 621",True,0,33,73,-615
616,reduce_max,615,,2,36.0,1,36,1,Scalar,617,False,0,253,,-616
617,max,614,616,3,,,36,1,Scalar,"618, 621",False,0,254,,-617
618,sub,613,617,4,36.0,0,36,256,Vector,619,False,0,34,,-618
619,exp,618,,5,36.0,0,36,256,Vector,"620, 626",False,0,35,,-619
620,reduce_sum,619,,6,36.0,0,36,1,Scalar,624,False,0,255,,-620
621,sub,615,617,4,36.0,1,36,256,Vector,622,False,0,36,,-621
622,exp,621,,5,36.0,1,36,256,Vector,"623, 628",False,0,37,,-622
623,reduce_sum,622,,6,36.0,1,36,1,Scalar,624,False,0,0,,-623
624,add,620,623,7,,,36,1,Scalar,625,False,0,1,,-624
625,inv,624,,8,36.0,,36,1,Scalar,"626, 628",False,0,2,,-625
626,mul,619,625,9,36.0,0,36,256,Vector,627,False,0,38,,-626
627,store,626,72,10,36.0,0,36,256,Vector,,False,0,,72,-627
628,mul,622,625,9,36.0,1,36,256,Vector,629,False,0,39,,-628
629,store,628,73,10,36.0,1,36,256,Vector,,False,0,,73,-629
630,load,74,,1,37.0,0,37,256,Vector,"631, 635",True,0,40,74,-630
631,reduce_max,630,,2,37.0,0,37,1,Scalar,634,False,0,3,,-631
632,load,75,,1,37.0,1,37,256,Vector,"633, 638",True,0,41,75,-632
633,reduce_max,632,,2,37.0,1,37,1,Scalar,634,False,0,4,,-633
634,max,631,633,3,,,37,1,Scalar,"635, 638",False,0,5,,-634
635,sub,630,634,4,37.0,0,37,256,Vector,636,False,0,42,,-635
636,exp,635,,5,37.0,0,37,256,Vector,"637, 643",False,0,43,,-636
637,reduce_sum,636,,6,37.0,0,37,1,Scalar,641,False,0,6,,-637
638,sub,632,634,4,37.0,1,37,256,Vector,639,False,0,44,,-638
639,exp,638,,5,37.0,1,37,256,Vector,"640, 645",False,0,45,,-639
640,reduce_sum,639,,6,37.0,1,37,1,Scalar,641,False,0,7,,-640
641,add,637,640,7,,,37,1,Scalar,642,False,0,8,,-641
642,inv,641,,8,37.0,,37,1,Scalar,"643, 645",False,0,9,,-642
643,mul,636,642,9,37.0,0,37,256,Vector,644,False,0,46,,-643
644,store,643,74,10,37.0,0,37,256,Vector,,False,0,,74,-644
645,mul,639,642,9,37.0,1,37,256,Vector,646,False,0,47,,-645
646,store,645,75,10,37.0,1,37,256,Vector,,False,0,,75,-646
647,load,76,,1,38.0,0,38,256,Vector,"648, 652",True,0,48,76,-647
648,reduce_max,647,,2,38.0,0,38,1,Scalar,651,False,0,10,,-648
649,load,77,,1,38.0,1,38,256,Vector,"650, 655",True,0,49,77,-649
650,reduce_max,649,,2,38.0,1,38,1,Scalar,651,False,0,11,,-650
651,max,648,650,3,,,38,1,Scalar,"652, 655",False,0,12,,-651
652,sub,647,651,4,38.0,0,38,256,Vector,653,False,0,50,,-652
653,exp,652,,5,38.0,0,38,256,Vector,"654, 660",False,0,51,,-653
654,reduce_sum,653,,6,38.0,0,38,1,Scalar,658,False,0,13,,-654
655,sub,649,651,4,38.0,1,38,256,Vector,656,False,0,52,,-655
656,exp,655,,5,38.0,1,38,256,Vector,"657, 662",False,0,53,,-656
657,reduce_sum,656,,6,38.0,1,38,1,Scalar,658,False,0,14,,-657
658,add,654,657,7,,,38,1,Scalar,659,False,0,15,,-658
659,inv,658,,8,38.0,,38,1,Scalar,"660, 662",False,0,16,,-659
660,mul,653,659,9,38.0,0,38,256,Vector,661,False,0,54,,-660
661,store,660,76,10,38.0,0,38,256,Vector,,False,0,,76,-661
662,mul,656,659,9,38.0,1,38,256,Vector,663,False,0,55,,-662
663,store,662,77,10,38.0,1,38,256,Vector,,False,0,,77,-663
664,load,78,,1,39.0,0,39,256,Vector,"665, 669",True,0,56,78,-664
665,reduce_max,664,,2,39.0,0,39,1,Scalar,668,False,0,17,,-665
666,load,79,,1,39.0,1,39,256,Vector,"667, 672",True,0,57,79,-666
667,reduce_max,666,,2,39.0,1,39,1,Scalar,668,False,0,18,,-667
668,max,665,667,3,,,39,1,Scalar,"669, 672",False,0,19,,-668
669,sub,664,668,4,39.0,0,39,256,Vector,670,False,0,58,,-669
670,exp,669,,5,39.0,0,39,256,Vector,"671, 677",False,0,59,,-670
671,reduce_sum,670,,6,39.0,0,39,1,Scalar,675,False,0,20,,-671
672,sub,666,668,4,39.0,1,39,256,Vector,673,False,0,60,,-672
673,exp,672,,5,39.0,1,39,256,Vector,"674, 679",False,0,61,,-673
674,reduce_sum,673,,6,39.0,1,39,1,Scalar,675,False,0,21,,-674
675,add,671,674,7,,,39,1,Scalar,676,False,0,22,,-675
676,inv,675,,8,39.0,,39,1,Scalar,"677, 679",False,0,23,,-676
677,mul,670,676,9,39.0,0,39,256,Vector,678,False,0,62,,-677
678,store,677,78,10,39.0,0,39,256,Vector,,False,0,,78,-678
679,mul,673,676,9,39.0,1,39,256,Vector,680,False,0,63,,-679
680,store,679,79,10,39.0,1,39,256,Vector,,False,0,,79,-680
681,load,80,,1,40.0,0,40,256,Vector,"682, 686",True,0,64,80,-681
682,reduce_max,681,,2,40.0,0,40,1,Scalar,685,False,0,24,,-682
683,load,81,,1,40.0,1,40,256,Vector,"684, 689",True,0,65,81,-683
684,reduce_max,683,,2,40.0,1,40,1,Scalar,685,False,0,25,,-684
685,max,682,684,3,,,40,1,Scalar,"686, 689",False,0,26,,-685
686,sub,681,685,4,40.0,0,40,256,Vector,687,False,0,66,,-686
687,exp,686,,5,40.0,0,40,256,Vector,"688, 694",False,0,67,,-687
688,reduce_sum,687,,6,40.0,0,40,1,Scalar,692,False,0,27,,-688
689,sub,683,685,4,40.0,1,40,256,Vector,690,False,0,68,,-689
690,exp,689,,5,40.0,1,40,256,Vector,"691, 696",False,0,69,,-690
691,reduce_sum,690,,6,40.0,1,40,1,Scalar,692,False,0,28,,-691
692,add,688,691,7,,,40,1,Scalar,693,False,0,29,,-692
693,inv,692,,8,40.0,,40,1,Scalar,"694, 696",False,0,30,,-693
694,mul,687,693,9,40.0,0,40,256,Vector,695,False,0,70,,-694
695,store,694,80,10,40.0,0,40,256,Vector,,False,0,,80,-695
696,mul,690,693,9,40.0,1,40,256,Vector,697,False,0,71,,-696
697,store,696,81,10,40.0,1,40,256,Vector,,False,0,,81,-697
698,load,82,,1,41.0,0,41,256,Vector,"699, 703",True,0,72,82,-698
699,reduce_max,698,,2,41.0,0,41,1,Scalar,702,False,0,31,,-699
700,load,83,,1,41.0,1,41,256,Vector,"701, 706",True,0,73,83,-700
701,reduce_max,700,,2,41.0,1,41,1,Scalar,702,False,0,32,,-701
702,max,699,701,3,,,41,1,Scalar,"703, 706",False,0,33,,-702
703,sub,698,702,4,41.0,0,41,256,Vector,704,False,0,74,,-703
704,exp,703,,5,41.0,0,41,256,Vector,"705, 711",False,0,75,,-704
705,reduce_sum,704,,6,41.0,0,41,1,Scalar,709,False,0,34,,-705
706,sub,700,702,4,41.0,1,41,256,Vector,707,False,0,76,,-706
707,exp,706,,5,41.0,1,41,256,Vector,"708, 713",False,0,77,,-707
708,reduce_sum,707,,6,41.0,1,41,1,Scalar,709,False,0,35,,-708
709,add,705,708,7,,,41,1,Scalar,710,False,0,36,,-709
710,inv,709,,8,41.0,,41,1,Scalar,"711, 713",False,0,37,,-710
711,mul,704,710,9,41.0,0,41,256,Vector,712,False,0,78,,-711
712,store,711,82,10,41.0,0,41,256,Vector,,False,0,,82,-712
713,mul,707,710,9,41.0,1,41,256,Vector,714,False,0,79,,-713
714,store,713,83,10,41.0,1,41,256,Vector,,False,0,,83,-714
715,load,84,,1,42.0,0,42,256,Vector,"716, 720",True,0,80,84,-715
716,reduce_max,715,,2,42.0,0,42,1,Scalar,719,False,0,38,,-716
717,load,85,,1,42.0,1,42,256,Vector,"718, 723",True,0,81,85,-717
718,reduce_max,717,,2,42.0,1,42,1,Scalar,719,False,0,39,,-718
719,max,716,718,3,,,42,1,Scalar,"720, 723",False,0,40,,-719
720,sub,715,719,4,42.0,0,42,256,Vector,721,False,0,82,,-720
721,exp,720,,5,42.0,0,42,256,Vector,"722, 728",False,0,83,,-721
722,reduce_sum,721,,6,42.0,0,42,1,Scalar,726,False,0,41,,-722
723,sub,717,719,4,42.0,1,42,256,Vector,724,False,0,84,,-723
724,exp,723,,5,42.0,1,42,256,Vector,"725, 730",False,0,85,,-724
725,reduce_sum,724,,6,42.0,1,42,1,Scalar,726,False,0,42,,-725
726,add,722,725,7,,,42,1,Scalar,727,False,0,43,,-726
727,inv,726,,8,42.0,,42,1,Scalar,"728, 730",False,0,44,,-727
728,mul,721,727,9,42.0,0,42,256,Vector,729,False,0,86,,-728
729,store,728,84,10,42.0,0,42,256,Vector,,False,0,,84,-729
730,mul,724,727,9,42.0,1,42,256,Vector,731,False,0,87,,-730
731,store,730,85,10,42.0,1,42,256,Vector,,False,0,,85,-731
732,load,86,,1,43.0,0,43,256,Vector,"733, 737",True,0,88,86,-732
733,reduce_max,732,,2,43.0,0,43,1,Scalar,736,False,0,45,,-733
734,load,87,,1,43.0,1,43,256,Vector,"735, 740",True,0,89,87,-734
735,reduce_max,734,,2,43.0,1,43,1,Scalar,736,False,0,46,,-735
736,max,733,735,3,,,43,1,Scalar,"737, 740",False,0,47,,-736
737,sub,732,736,4,43.0,0,43,256,Vector,738,False,0,90,,-737
738,exp,737,,5,43.0,0,43,256,Vector,"739, 745",False,0,91,,-738
739,reduce_sum,738,,6,43.0,0,43,1,Scalar,743,False,0,48,,-739
740,sub,734,736,4,43.0,1,43,256,Vector,741,False,0,92,,-740
741,exp,740,,5,43.0,1,43,256,Vector,"742, 747",False,0,93,,-741
742,reduce_sum,741,,6,43.0,1,43,1,Scalar,743,False,0,49,,-742
743,add,739,742,7,,,43,1,Scalar,744,False,0,50,,-743
744,inv,743,,8,43.0,,43,1,Scalar,"745, 747",False,0,51,,-744
745,mul,738,744,9,43.0,0,43,256,Vector,746,False,0,94,,-745
746,store,745,86,10,43.0,0,43,256,Vector,,False,0,,86,-746
747,mul,741,744,9,43.0,1,43,256,Vector,748,False,0,95,,-747
748,store,747,87,10,43.0,1,43,256,Vector,,False,0,,87,-748
749,load,88,,1,44.0,0,44,256,Vector,"750, 754",True,0,96,88,-749
750,reduce_max,749,,2,44.0,0,44,1,Scalar,753,False,0,52,,-750
751,load,89,,1,44.0,1,44,256,Vector,"752, 757",True,0,97,89,-751
752,reduce_max,751,,2,44.0,1,44,1,Scalar,753,False,0,53,,-752
753,max,750,752,3,,,44,1,Scalar,"754, 757",False,0,54,,-753
754,sub,749,753,4,44.0,0,44,256,Vector,755,False,0,98,,-754
755,exp,754,,5,44.0,0,44,256,Vector,"756, 762",False,0,99,,-755
756,reduce_sum,755,,6,44.0,0,44,1,Scalar,760,False,0,55,,-756
757,sub,751,753,4,44.0,1,44,256,Vector,758,False,0,100,,-757
758,exp,757,,5,44.0,1,44,256,Vector,"759, 764",False,0,101,,-758
759,reduce_sum,758,,6,44.0,1,44,1,Scalar,760,False,0,56,,-759
760,add,756,759,7,,,44,1,Scalar,761,False,0,57,,-760
761,inv,760,,8,44.0,,44,1,Scalar,"762, 764",False,0,58,,-761
762,mul,755,761,9,44.0,0,44,256,Vector,763,False,0,102,,-762
763,store,762,88,10,44.0,0,44,256,Vector,,False,0,,88,-763
764,mul,758,761,9,44.0,1,44,256,Vector,765,False,0,103,,-764
765,store,764,89,10,44.0,1,44,256,Vector,,False,0,,89,-765
766,load,90,,1,45.0,0,45,256,Vector,"767, 771",True,0,104,90,-766
767,reduce_max,766,,2,45.0,0,45,1,Scalar,770,False,0,59,,-767
768,load,91,,1,45.0,1,45,256,Vector,"769, 774",True,0,105,91,-768
769,reduce_max,768,,2,45.0,1,45,1,Scalar,770,False,0,60,,-769
770,max,767,769,3,,,45,1,Scalar,"771, 774",False,0,61,,-770
771,sub,766,770,4,45.0,0,45,256,Vector,772,False,0,106,,-771
772,exp,771,,5,45.0,0,45,256,Vector,"773, 779",False,0,107,,-772
773,reduce_sum,772,,6,45.0,0,45,1,Scalar,777,False,0,62,,-773
774,sub,768,770,4,45.0,1,45,256,Vector,775,False,0,108,,-774
775,exp,774,,5,45.0,1,45,256,Vector,"776, 781",False,0,109,,-775
776,reduce_sum,775,,6,45.0,1,45,1,Scalar,777,False,0,63,,-776
777,add,773,776,7,,,45,1,Scalar,778,False,0,64,,-777
778,inv,777,,8,45.0,,45,1,Scalar,"779, 781",False,0,65,,-778
779,mul,772,778,9,45.0,0,45,256,Vector,780,False,0,110,,-779
780,store,779,90,10,45.0,0,45,256,Vector,,False,0,,90,-780
781,mul,775,778,9,45.0,1,45,256,Vector,782,False,0,111,,-781
782,store,781,91,10,45.0,1,45,256,Vector,,False,0,,91,-782
783,load,92,,1,46.0,0,46,256,Vector,"784, 788",True,0,112,92,-783
784,reduce_max,783,,2,46.0,0,46,1,Scalar,787,False,0,66,,-784
785,load,93,,1,46.0,1,46,256,Vector,"786, 791",True,0,113,93,-785
786,reduce_max,785,,2,46.0,1,46,1,Scalar,787,False,0,67,,-786
787,max,784,786,3,,,46,1,Scalar,"788, 791",False,0,68,,-787
788,sub,783,787,4,46.0,0,46,256,Vector,789,False,0,114,,-788
789,exp,788,,5,46.0,0,46,256,Vector,"790, 796",False,0,115,,-789
790,reduce_sum,789,,6,46.0,0,46,1,Scalar,794,False,0,69,,-790
791,sub,785,787,4,46.0,1,46,256,Vector,792,False,0,116,,-791
792,exp,791,,5,46.0,1,46,256,Vector,"793, 798",False,0,117,,-792
793,reduce_sum,792,,6,46.0,1,46,1,Scalar,794,False,0,70,,-793
794,add,790,793,7,,,46,1,Scalar,795,False,0,71,,-794
795,inv,794,,8,46.0,,46,1,Scalar,"796, 798",False,0,72,,-795
796,mul,789,795,9,46.0,0,46,256,Vector,797,False,0,118,,-796
797,store,796,92,10,46.0,0,46,256,Vector,,False,0,,92,-797
798,mul,792,795,9,46.0,1,46,256,Vector,799,False,0,119,,-798
799,store,798,93,10,46.0,1,46,256,Vector,,False,0,,93,-799
800,load,94,,1,47.0,0,47,256,Vector,"801, 805",True,0,120,94,-800
801,reduce_max,800,,2,47.0,0,47,1,Scalar,804,False,0,73,,-801
802,load,95,,1,47.0,1,47,256,Vector,"803, 808",True,0,121,95,-802
803,reduce_max,802,,2,47.0,1,47,1,Scalar,804,False,0,74,,-803
804,max,801,803,3,,,47,1,Scalar,"805, 808",False,0,75,,-804
805,sub,800,804,4,47.0,0,47,256,Vector,806,False,0,122,,-805
806,exp,805,,5,47.0,0,47,256,Vector,"807, 813",False,0,123,,-806
807,reduce_sum,806,,6,47.0,0,47,1,Scalar,811,False,0,76,,-807
808,sub,802,804,4,47.0,1,47,256,Vector,809,False,0,124,,-808
809,exp,808,,5,47.0,1,47,256,Vector,"810, 815",False,0,125,,-809
810,reduce_sum,809,,6,47.0,1,47,1,Scalar,811,False,0,77,,-810
811,add,807,810,7,,,47,1,Scalar,812,False,0,78,,-811
812,inv,811,,8,47.0,,47,1,Scalar,"813, 815",False,0,79,,-812
813,mul,806,812,9,47.0,0,47,256,Vector,814,False,0,126,,-813
814,store,813,94,10,47.0,0,47,256,Vector,,False,0,,94,-814
815,mul,809,812,9,47.0,1,47,256,Vector,816,False,0,127,,-815
816,store,815,95,10,47.0,1,47,256,Vector,,False,0,,95,-816
817,load,96,,1,48.0,0,48,256,Vector,"818, 822",True,0,128,96,-817
818,reduce_max,817,,2,48.0,0,48,1,Scalar,821,False,0,80,,-818
819,load,97,,1,48.0,1,48,256,Vector,"820, 825",True,0,129,97,-819
820,reduce_max,819,,2,48.0,1,48,1,Scalar,821,False,0,81,,-820
821,max,818,820,3,,,48,1,Scalar,"822, 825",False,0,82,,-821
822,sub,817,821,4,48.0,0,48,256,Vector,823,False,0,130,,-822
823,exp,822,,5,48.0,0,48,256,Vector,"824, 830",False,0,131,,-823
824,reduce_sum,823,,6,48.0,0,48,1,Scalar,828,False,0,83,,-824
825,sub,819,821,4,48.0,1,48,256,Vector,826,False,0,132,,-825
826,exp,825,,5,48.0,1,48,256,Vector,"827, 832",False,0,133,,-826
827,reduce_sum,826,,6,48.0,1,48,1,Scalar,828,False,0,84,,-827
828,add,824,827,7,,,48,1,Scalar,829,False,0,85,,-828
829,inv,828,,8,48.0,,48,1,Scalar,"830, 832",False,0,86,,-829
830,mul,823,829,9,48.0,0,48,256,Vector,831,False,0,134,,-830
831,store,830,96,10,48.0,0,48,256,Vector,,False,0,,96,-831
832,mul,826,829,9,48.0,1,48,256,Vector,833,False,0,135,,-832
833,store,832,97,10,48.0,1,48,256,Vector,,False,0,,97,-833
834,load,98,,1,49.0,0,49,256,Vector,"835, 839",True,0,136,98,-834
835,reduce_max,834,,2,49.0,0,49,1,Scalar,838,False,0,87,,-835
836,load,99,,1,49.0,1,49,256,Vector,"837, 842",True,0,137,99,-836
837,reduce_max,836,,2,49.0,1,49,1,Scalar,838,False,0,88,,-837
838,max,835,837,3,,,49,1,Scalar,"839, 842",False,0,89,,-838
839,sub,834,838,4,49.0,0,49,256,Vector,840,False,0,138,,-839
840,exp,839,,5,49.0,0,49,256,Vector,"841, 847",False,0,139,,-840
841,reduce_sum,840,,6,49.0,0,49,1,Scalar,845,False,0,90,,-841
842,sub,836,838,4,49.0,1,49,256,Vector,843,False,0,140,,-842
843,exp,842,,5,49.0,1,49,256,Vector,"844, 849",False,0,141,,-843
844,reduce_sum,843,,6,49.0,1,49,1,Scalar,845,False,0,91,,-844
845,add,841,844,7,,,49,1,Scalar,846,False,0,92,,-845
846,inv,845,,8,49.0,,49,1,Scalar,"847, 849",False,0,93,,-846
847,mul,840,846,9,49.0,0,49,256,Vector,848,False,0,142,,-847
848,store,847,98,10,49.0,0,49,256,Vector,,False,0,,98,-848
849,mul,843,846,9,49.0,1,49,256,Vector,850,False,0,143,,-849
850,store,849,99,10,49.0,1,49,256,Vector,,False,0,,99,-850
851,load,100,,1,50.0,0,50,256,Vector,"852, 856",True,0,144,100,-851
852,reduce_max,851,,2,50.0,0,50,1,Scalar,855,False,0,94,,-852
853,load,101,,1,50.0,1,50,256,Vector,"854, 859",True,0,145,101,-853
854,reduce_max,853,,2,50.0,1,50,1,Scalar,855,False,0,95,,-854
855,max,852,854,3,,,50,1,Scalar,"856, 859",False,0,96,,-855
856,sub,851,855,4,50.0,0,50,256,Vector,857,False,0,146,,-856
857,exp,856,,5,50.0,0,50,256,Vector,"858, 864",False,0,147,,-857
858,reduce_sum,857,,6,50.0,0,50,1,Scalar,862,False,0,97,,-858
859,sub,853,855,4,50.0,1,50,256,Vector,860,False,0,148,,-859
860,exp,859,,5,50.0,1,50,256,Vector,"861, 866",False,0,149,,-860
861,reduce_sum,860,,6,50.0,1,50,1,Scalar,862,False,0,98,,-861
862,add,858,861,7,,,50,1,Scalar,863,False,0,99,,-862
863,inv,862,,8,50.0,,50,1,Scalar,"864, 866",False,0,100,,-863
864,mul,857,863,9,50.0,0,50,256,Vector,865,False,0,150,,-864
865,store,864,100,10,50.0,0,50,256,Vector,,False,0,,100,-865
866,mul,860,863,9,50.0,1,50,256,Vector,867,False,0,151,,-866
867,store,866,101,10,50.0,1,50,256,Vector,,False,0,,101,-867
868,load,102,,1,51.0,0,51,256,Vector,"869, 873",True,0,152,102,-868
869,reduce_max,868,,2,51.0,0,51,1,Scalar,872,False,0,101,,-869
870,load,103,,1,51.0,1,51,256,Vector,"871, 876",True,0,153,103,-870
871,reduce_max,870,,2,51.0,1,51,1,Scalar,872,False,0,102,,-871
872,max,869,871,3,,,51,1,Scalar,"873, 876",False,0,103,,-872
873,sub,868,872,4,51.0,0,51,256,Vector,874,False,0,154,,-873
874,exp,873,,5,51.0,0,51,256,Vector,"875, 881",False,0,155,,-874
875,reduce_sum,874,,6,51.0,0,51,1,Scalar,879,False,0,104,,-875
876,sub,870,872,4,51.0,1,51,256,Vector,877,False,0,156,,-876
877,exp,876,,5,51.0,1,51,256,Vector,"878, 883",False,0,157,,-877
878,reduce_sum,877,,6,51.0,1,51,1,Scalar,879,False,0,105,,-878
879,add,875,878,7,,,51,1,Scalar,880,False,0,106,,-879
880,inv,879,,8,51.0,,51,1,Scalar,"881, 883",False,0,107,,-880
881,mul,874,880,9,51.0,0,51,256,Vector,882,False,0,158,,-881
882,store,881,102,10,51.0,0,51,256,Vector,,False,0,,102,-882
883,mul,877,880,9,51.0,1,51,256,Vector,884,False,0,159,,-883
884,store,883,103,10,51.0,1,51,256,Vector,,False,0,,103,-884
885,load,104,,1,52.0,0,52,256,Vector,"886, 890",True,0,160,104,-885
886,reduce_max,885,,2,52.0,0,52,1,Scalar,889,False,0,108,,-886
887,load,105,,1,52.0,1,52,256,Vector,"888, 893",True,0,161,105,-887
888,reduce_max,887,,2,52.0,1,52,1,Scalar,889,False,0,109,,-888
889,max,886,888,3,,,52,1,Scalar,"890, 893",False,0,110,,-889
890,sub,885,889,4,52.0,0,52,256,Vector,891,False,0,162,,-890
891,exp,890,,5,52.0,0,52,256,Vector,"892, 898",False,0,163,,-891
892,reduce_sum,891,,6,52.0,0,52,1,Scalar,896,False,0,111,,-892
893,sub,887,889,4,52.0,1,52,256,Vector,894,False,0,164,,-893
894,exp,893,,5,52.0,1,52,256,Vector,"895, 900",False,0,165,,-894
895,reduce_sum,894,,6,52.0,1,52,1,Scalar,896,False,0,112,,-895
896,add,892,895,7,,,52,1,Scalar,897,False,0,113,,-896
897,inv,896,,8,52.0,,52,1,Scalar,"898, 900",False,0,114,,-897
898,mul,891,897,9,52.0,0,52,256,Vector,899,False,0,166,,-898
899,store,898,104,10,52.0,0,52,256,Vector,,False,0,,104,-899
900,mul,894,897,9,52.0,1,52,256,Vector,901,False,0,167,,-900
901,store,900,105,10,52.0,1,52,256,Vector,,False,0,,105,-901
902,load,106,,1,53.0,0,53,256,Vector,"903, 907",True,0,168,106,-902
903,reduce_max,902,,2,53.0,0,53,1,Scalar,906,False,0,115,,-903
904,load,107,,1,53.0,1,53,256,Vector,"905, 910",True,0,169,107,-904
905,reduce_max,904,,2,53.0,1,53,1,Scalar,906,False,0,116,,-905
906,max,903,905,3,,,53,1,Scalar,"907, 910",False,0,117,,-906
907,sub,902,906,4,53.0,0,53,256,Vector,908,False,0,170,,-907
908,exp,907,,5,53.0,0,53,256,Vector,"909, 915",False,0,171,,-908
909,reduce_sum,908,,6,53.0,0,53,1,Scalar,913,False,0,118,,-909
910,sub,904,906,4,53.0,1,53,256,Vector,911,False,0,172,,-910
911,exp,910,,5,53.0,1,53,256,Vector,"912, 917",False,0,173,,-911
912,reduce_sum,911,,6,53.0,1,53,1,Scalar,913,False,0,119,,-912
913,add,909,912,7,,,53,1,Scalar,914,False,0,120,,-913
914,inv,913,,8,53.0,,53,1,Scalar,"915, 917",False,0,121,,-914
915,mul,908,914,9,53.0,0,53,256,Vector,916,False,0,174,,-915
916,store,915,106,10,53.0,0,53,256,Vector,,False,0,,106,-916
917,mul,911,914,9,53.0,1,53,256,Vector,918,False,0,175,,-917
918,store,917,107,10,53.0,1,53,256,Vector,,False,0,,107,-918
919,load,108,,1,54.0,0,54,256,Vector,"920, 924",True,0,176,108,-919
920,reduce_max,919,,2,54.0,0,54,1,Scalar,923,False,0,122,,-920
921,load,109,,1,54.0,1,54,256,Vector,"922, 927",True,0,177,109,-921
922,reduce_max,921,,2,54.0,1,54,1,Scalar,923,False,0,123,,-922
923,max,920,922,3,,,54,1,Scalar,"924, 927",False,0,124,,-923
924,sub,919,923,4,54.0,0,54,256,Vector,925,False,0,178,,-924
925,exp,924,,5,54.0,0,54,256,Vector,"926, 932",False,0,179,,-925
926,reduce_sum,925,,6,54.0,0,54,1,Scalar,930,False,0,125,,-926
927,sub,921,923,4,54.0,1,54,256,Vector,928,False,0,180,,-927
928,exp,927,,5,54.0,1,54,256,Vector,"929, 934",False,0,181,,-928
929,reduce_sum,928,,6,54.0,1,54,1,Scalar,930,False,0,126,,-929
930,add,926,929,7,,,54,1,Scalar,931,False,0,127,,-930
931,inv,930,,8,54.0,,54,1,Scalar,"932, 934",False,0,128,,-931
932,mul,925,931,9,54.0,0,54,256,Vector,933,False,0,182,,-932
933,store,932,108,10,54.0,0,54,256,Vector,,False,0,,108,-933
934,mul,928,931,9,54.0,1,54,256,Vector,935,False,0,183,,-934
935,store,934,109,10,54.0,1,54,256,Vector,,False,0,,109,-935
936,load,110,,1,55.0,0,55,256,Vector,"937, 941",True,0,184,110,-936
937,reduce_max,936,,2,55.0,0,55,1,Scalar,940,False,0,129,,-937
938,load,111,,1,55.0,1,55,256,Vector,"939, 944",True,0,185,111,-938
939,reduce_max,938,,2,55.0,1,55,1,Scalar,940,False,0,130,,-939
940,max,937,939,3,,,55,1,Scalar,"941, 944",False,0,131,,-940
941,sub,936,940,4,55.0,0,55,256,Vector,942,False,0,186,,-941
942,exp,941,,5,55.0,0,55,256,Vector,"943, 949",False,0,187,,-942
943,reduce_sum,942,,6,55.0,0,55,1,Scalar,947,False,0,132,,-943
944,sub,938,940,4,55.0,1,55,256,Vector,945,False,0,188,,-944
945,exp,944,,5,55.0,1,55,256,Vector,"946, 951",False,0,189,,-945
946,reduce_sum,945,,6,55.0,1,55,1,Scalar,947,False,0,133,,-946
947,add,943,946,7,,,55,1,Scalar,948,False,0,134,,-947
948,inv,947,,8,55.0,,55,1,Scalar,"949, 951",False,0,135,,-948
949,mul,942,948,9,55.0,0,55,256,Vector,950,False,0,190,,-949
950,store,949,110,10,55.0,0,55,256,Vector,,False,0,,110,-950
951,mul,945,948,9,55.0,1,55,256,Vector,952,False,0,191,,-951
952,store,951,111,10,55.0,1,55,256,Vector,,False,0,,111,-952
953,load,112,,1,56.0,0,56,256,Vector,"954, 958",True,0,192,112,-953
954,reduce_max,953,,2,56.0,0,56,1,Scalar,957,False,0,136,,-954
955,load,113,,1,56.0,1,56,256,Vector,"956, 961",True,0,193,113,-955
956,reduce_max,955,,2,56.0,1,56,1,Scalar,957,False,0,137,,-956
957,max,954,956,3,,,56,1,Scalar,"958, 961",False,0,138,,-957
958,sub,953,957,4,56.0,0,56,256,Vector,959,False,0,194,,-958
959,exp,958,,5,56.0,0,56,256,Vector,"960, 966",False,0,195,,-959
960,reduce_sum,959,,6,56.0,0,56,1,Scalar,964,False,0,139,,-960
961,sub,955,957,4,56.0,1,56,256,Vector,962,False,0,196,,-961
962,exp,961,,5,56.0,1,56,256,Vector,"963, 968",False,0,197,,-962
963,reduce_sum,962,,6,56.0,1,56,1,Scalar,964,False,0,140,,-963
964,add,960,963,7,,,56,1,Scalar,965,False,0,141,,-964
965,inv,964,,8,56.0,,56,1,Scalar,"966, 968",False,0,142,,-965
966,mul,959,965,9,56.0,0,56,256,Vector,967,False,0,198,,-966
967,store,966,112,10,56.0,0,56,256,Vector,,False,0,,112,-967
968,mul,962,965,9,56.0,1,56,256,Vector,969,False,0,199,,-968
969,store,968,113,10,56.0,1,56,256,Vector,,False,0,,113,-969
970,load,114,,1,57.0,0,57,256,Vector,"971, 975",True,0,200,114,-970
971,reduce_max,970,,2,57.0,0,57,1,Scalar,974,False,0,143,,-971
972,load,115,,1,57.0,1,57,256,Vector,"973, 978",True,0,201,115,-972
973,reduce_max,972,,2,57.0,1,57,1,Scalar,974,False,0,144,,-973
974,max,971,973,3,,,57,1,Scalar,"975, 978",False,0,145,,-974
975,sub,970,974,4,57.0,0,57,256,Vector,976,False,0,202,,-975
976,exp,975,,5,57.0,0,57,256,Vector,"977, 983",False,0,203,,-976
977,reduce_sum,976,,6,57.0,0,57,1,Scalar,981,False,0,146,,-977
978,sub,972,974,4,57.0,1,57,256,Vector,979,False,0,204,,-978
979,exp,978,,5,57.0,1,57,256,Vector,"980, 985",False,0,205,,-979
980,reduce_sum,979,,6,57.0,1,57,1,Scalar,981,False,0,147,,-980
981,add,977,980,7,,,57,1,Scalar,982,False,0,148,,-981
982,inv,981,,8,57.0,,57,1,Scalar,"983, 985",False,0,149,,-982
983,mul,976,982,9,57.0,0,57,256,Vector,984,False,0,206,,-983
984,store,983,114,10,57.0,0,57,256,Vector,,False,0,,114,-984
985,mul,979,982,9,57.0,1,57,256,Vector,986,False,0,207,,-985
986,store,985,115,10,57.0,1,57,256,Vector,,False,0,,115,-986
987,load,116,,1,58.0,0,58,256,Vector,"988, 992",True,0,208,116,-987
988,reduce_max,987,,2,58.0,0,58,1,Scalar,991,False,0,150,,-988
989,load,117,,1,58.0,1,58,256,Vector,"990, 995",True,0,209,117,-989
990,reduce_max,989,,2,58.0,1,58,1,Scalar,991,False,0,151,,-990
991,max,988,990,3,,,58,1,Scalar,"992, 995",False,0,152,,-991
992,sub,987,991,4,58.0,0,58,256,Vector,993,False,0,210,,-992
993,exp,992,,5,58.0,0,58,256,Vector,"994, 1000",False,0,211,,-993
994,reduce_sum,993,,6,58.0,0,58,1,Scalar,998,False,0,153,,-994
995,sub,989,991,4,58.0,1,58,256,Vector,996,False,0,212,,-995
996,exp,995,,5,58.0,1,58,256,Vector,"997, 1002",False,0,213,,-996
997,reduce_sum,996,,6,58.0,1,58,1,Scalar,998,False,0,154,,-997
998,add,994,997,7,,,58,1,Scalar,999,False,0,155,,-998
999,inv,998,,8,58.0,,58,1,Scalar,"1000, 1002",False,0,156,,-999
1000,mul,993,999,9,58.0,0,58,256,Vector,1001,False,0,214,,-1000
1001,store,1000,116,10,58.0,0,58,256,Vector,,False,0,,116,-1001
1002,mul,996,999,9,58.0,1,58,256,Vector,1003,False,0,215,,-1002
1003,store,1002,117,10,58.0,1,58,256,Vector,,False,0,,117,-1003
1004,load,118,,1,59.0,0,59,256,Vector,"1005, 1009",True,0,216,118,-1004
1005,reduce_max,1004,,2,59.0,0,59,1,Scalar,1008,False,0,157,,-1005
1006,load,119,,1,59.0,1,59,256,Vector,"1007, 1012",True,0,217,119,-1006
1007,reduce_max,1006,,2,59.0,1,59,1,Scalar,1008,False,0,158,,-1007
1008,max,1005,1007,3,,,59,1,Scalar,"1009, 1012",False,0,159,,-1008
1009,sub,1004,1008,4,59.0,0,59,256,Vector,1010,False,0,218,,-1009
1010,exp,1009,,5,59.0,0,59,256,Vector,"1011, 1017",False,0,219,,-1010
1011,reduce_sum,1010,,6,59.0,0,59,1,Scalar,1015,False,0,160,,-1011
1012,sub,1006,1008,4,59.0,1,59,256,Vector,1013,False,0,220,,-1012
1013,exp,1012,,5,59.0,1,59,256,Vector,"1014, 1019",False,0,221,,-1013
1014,reduce_sum,1013,,6,59.0,1,59,1,Scalar,1015,False,0,161,,-1014
1015,add,1011,1014,7,,,59,1,Scalar,1016,False,0,162,,-1015
1016,inv,1015,,8,59.0,,59,1,Scalar,"1017, 1019",False,0,163,,-1016
1017,mul,1010,1016,9,59.0,0,59,256,Vector,1018,False,0,222,,-1017
1018,store,1017,118,10,59.0,0,59,256,Vector,,False,0,,118,-1018
1019,mul,1013,1016,9,59.0,1,59,256,Vector,1020,False,0,223,,-1019
1020,store,1019,119,10,59.0,1,59,256,Vector,,False,0,,119,-1020
1021,load,120,,1,60.0,0,60,256,Vector,"1022, 1026",True,0,224,120,-1021
1022,reduce_max,1021,,2,60.0,0,60,1,Scalar,1025,False,0,164,,-1022
1023,load,121,,1,60.0,1,60,256,Vector,"1024, 1029",True,0,225,121,-1023
1024,reduce_max,1023,,2,60.0,1,60,1,Scalar,1025,False,0,165,,-1024
1025,max,1022,1024,3,,,60,1,Scalar,"1026, 1029",False,0,166,,-1025
1026,sub,1021,1025,4,60.0,0,60,256,Vector,1027,False,0,226,,-1026
1027,exp,1026,,5,60.0,0,60,256,Vector,"1028, 1034",False,0,227,,-1027
1028,reduce_sum,1027,,6,60.0,0,60,1,Scalar,1032,False,0,167,,-1028
1029,sub,1023,1025,4,60.0,1,60,256,Vector,1030,False,0,228,,-1029
1030,exp,1029,,5,60.0,1,60,256,Vector,"1031, 1036",False,0,229,,-1030
1031,reduce_sum,1030,,6,60.0,1,60,1,Scalar,1032,False,0,168,,-1031
1032,add,1028,1031,7,,,60,1,Scalar,1033,False,0,169,,-1032
1033,inv,1032,,8,60.0,,60,1,Scalar,"1034, 1036",False,0,170,,-1033
1034,mul,1027,1033,9,60.0,0,60,256,Vector,1035,False,0,230,,-1034
1035,store,1034,120,10,60.0,0,60,256,Vector,,False,0,,120,-1035
1036,mul,1030,1033,9,60.0,1,60,256,Vector,1037,False,0,231,,-1036
1037,store,1036,121,10,60.0,1,60,256,Vector,,False,0,,121,-1037
1038,load,122,,1,61.0,0,61,256,Vector,"1039, 1043",True,0,232,122,-1038
1039,reduce_max,1038,,2,61.0,0,61,1,Scalar,1042,False,0,171,,-1039
1040,load,123,,1,61.0,1,61,256,Vector,"1041, 1046",True,0,233,123,-1040
1041,reduce_max,1040,,2,61.0,1,61,1,Scalar,1042,False,0,172,,-1041
1042,max,1039,1041,3,,,61,1,Scalar,"1043, 1046",False,0,173,,-1042
1043,sub,1038,1042,4,61.0,0,61,256,Vector,1044,False,0,234,,-1043
1044,exp,1043,,5,61.0,0,61,256,Vector,"1045, 1051",False,0,235,,-1044
1045,reduce_sum,1044,,6,61.0,0,61,1,Scalar,1049,False,0,174,,-1045
1046,sub,1040,1042,4,61.0,1,61,256,Vector,1047,False,0,236,,-1046
1047,exp,1046,,5,61.0,1,61,256,Vector,"1048, 1053",False,0,237,,-1047
1048,reduce_sum,1047,,6,61.0,1,61,1,Scalar,1049,False,0,175,,-1048
1049,add,1045,1048,7,,,61,1,Scalar,1050,False,0,176,,-1049
1050,inv,1049,,8,61.0,,61,1,Scalar,"1051, 1053",False,0,177,,-1050
1051,mul,1044,1050,9,61.0,0,61,256,Vector,1052,False,0,238,,-1051
1052,store,1051,122,10,61.0,0,61,256,Vector,,False,0,,122,-1052
1053,mul,1047,1050,9,61.0,1,61,256,Vector,1054,False,0,239,,-1053
1054,store,1053,123,10,61.0,1,61,256,Vector,,False,0,,123,-1054
1055,load,124,,1,62.0,0,62,256,Vector,"1056, 1060",True,0,240,124,-1055
1056,reduce_max,1055,,2,62.0,0,62,1,Scalar,1059,False,0,178,,-1056
1057,load,125,,1,62.0,1,62,256,Vector,"1058, 1063",True,0,241,125,-1057
1058,reduce_max,1057,,2,62.0,1,62,1,Scalar,1059,False,0,179,,-1058
1059,max,1056,1058,3,,,62,1,Scalar,"1060, 1063",False,0,180,,-1059
1060,sub,1055,1059,4,62.0,0,62,256,Vector,1061,False,0,242,,-1060
1061,exp,1060,,5,62.0,0,62,256,Vector,"1062, 1068",False,0,243,,-1061
1062,reduce_sum,1061,,6,62.0,0,62,1,Scalar,1066,False,0,181,,-1062
1063,sub,1057,1059,4,62.0,1,62,256,Vector,1064,False,0,244,,-1063
1064,exp,1063,,5,62.0,1,62,256,Vector,"1065, 1070",False,0,245,,-1064
1065,reduce_sum,1064,,6,62.0,1,62,1,Scalar,1066,False,0,182,,-1065
1066,add,1062,1065,7,,,62,1,Scalar,1067,False,0,183,,-1066
1067,inv,1066,,8,62.0,,62,1,Scalar,"1068, 1070",False,0,184,,-1067
1068,mul,1061,1067,9,62.0,0,62,256,Vector,1069,False,0,246,,-1068
1069,store,1068,124,10,62.0,0,62,256,Vector,,False,0,,124,-1069
1070,mul,1064,1067,9,62.0,1,62,256,Vector,1071,False,0,247,,-1070
1071,store,1070,125,10,62.0,1,62,256,Vector,,False,0,,125,-1071
1072,load,126,,1,63.0,0,63,256,Vector,"1073, 1077",True,0,248,126,-1072
1073,reduce_max,1072,,2,63.0,0,63,1,Scalar,1076,False,0,185,,-1073
1074,load,127,,1,63.0,1,63,256,Vector,"1075, 1080",True,0,249,127,-1074
1075,reduce_max,1074,,2,63.0,1,63,1,Scalar,1076,False,0,186,,-1075
1076,max,1073,1075,3,,,63,1,Scalar,"1077, 1080",False,0,187,,-1076
1077,sub,1072,1076,4,63.0,0,63,256,Vector,1078,False,0,250,,-1077
1078,exp,1077,,5,63.0,0,63,256,Vector,"1079, 1085",False,0,251,,-1078
1079,reduce_sum,1078,,6,63.0,0,63,1,Scalar,1083,False,0,188,,-1079
1080,sub,1074,1076,4,63.0,1,63,256,Vector,1081,False,0,252,,-1080
1081,exp,1080,,5,63.0,1,63,256,Vector,"1082, 1087",False,0,253,,-1081
1082,reduce_sum,1081,,6,63.0,1,63,1,Scalar,1083,False,0,189,,-1082
1083,add,1079,1082,7,,,63,1,Scalar,1084,False,0,190,,-1083
1084,inv,1083,,8,63.0,,63,1,Scalar,"1085, 1087",False,0,191,,-1084
1085,mul,1078,1084,9,63.0,0,63,256,Vector,1086,False,0,254,,-1085
1086,store,1085,126,10,63.0,0,63,256,Vector,,False,0,,126,-1086
1087,mul,1081,1084,9,63.0,1,63,256,Vector,1088,False,0,255,,-1087
1088,store,1087,127,10,63.0,1,63,256,Vector,,False,0,,127,-1088
